"restId","content"
"1879291","说实话，酒吧的生意真是不如前了。但是酒吧的环境也好，喝的啤酒也好，还真是很好的。那么多电视屏幕，看球赛的时候很爽的。
客人还是住店的老外为主，非常美式的感觉。
他们的黑啤是进口的，很好喝，有很细腻的泡沫和纯粹的口感，个人觉得比宝来纳的黑啤要好喝，现在5点到10点他们有happy hour的，买一送一，哈划算，适合喜欢喝酒的同学。
"
"1879291","今天在万豪ＷＯＲＫＳＨＯＰ．中午的这顿是包含在ＰＡＣＫＡＧＥ里的．
于是，我们在酒吧吃ＢＵＦＦＥＴ．
绝对是个体育酒吧哦，满墙的体育照片，有篮球，有棒球，等等．还有姚明的球衣呢！挺有特色的．
食物还不错，甜品里有个西米布丁异常好吃。
我狂吃．．．直到撑的胃也突出来了，哎，好害怕自己下午当众做presentation的时候会打饱嗝．．．幸好，我消化的够快，噼里啪啦一通乱讲，一切顺利！
晚上散会后，我们又包了场，一起走一个，哈哈，还有乐队演出，满ＨＩＧＨ的．
同学们，我说过我从本月开始就从良了，不去酒吧了，可是，这个是公司安排的，我也情非得以啊．．．大家自动飘过哦！～～～＾＿＾
"
"1879291","里面是菲律宾人乐队，主唱的女孩子很瘦，远看很好看，走近了就一般般了&&
吃的东西有些贵，音乐还是满好听的，不过很吵，有个小舞池，可以跳舞。
"
"1879291","就和客户在那边小坐一会儿。一人点了一壶茶。环境不错。不过价格是有点贵了。
"
"1879291","上班上了个通宵，累得只要一闭眼就可以立马睡着。原本这时候最最想做的事就是好好睡上一觉，可朋友念偶太辛苦的份上，执意要请偶吃早餐。拜托！也不想想几点了，11点30勒，这吃的是哪门子早餐啊！早午餐？还吃饱了好睡觉？得得～～～再推下去都要吃晚饭了，唉，有道是盛情难却啊！（殊不知，我此时只想喝杯豆浆，吃个糍饭条，早早上床而已～～～）
朋友是这里的常客，很熟悉地点好了餐。不想吃得太多，以免回家撑得睡不着。点了恺撒色拉，一个超大的木碗被端上了桌，量是可想而知的多，起司不少，鸡肉也很香，不错不错！可怎么吃了老半天还不见少呢，也太经吃了吧～～～巧克力布朗尼也是好大一块，上面还有一个裹满了鲜奶油的冰激凌球，一冷一热 、一甜一淡，相得益彰（不过个人觉得蛋糕偏甜，有点腻，没偶自己做的好吃）。这里的decaffeinated coffee还是现磨现煮的，比很多用速容咖啡冲的要好得多，保留了咖啡最重要的香味。
这家店的东东味道很正，量也很大，很有美式餐厅的风范，不过价格也是辣手地，就一顿早饭而言，有点小奢吧～～～～～
"
"1879291","地方偏，晚上有两个菲律宾女人唱歌，唱得不错
这里的亮点有个桌球，朋友过来玩玩，喝一杯不错，人很少，人多了，估计也轮不到你玩了，
"
"1879291","乐队唱得歌确实不错，有很多老外，偶尔还有老外观众上去唱歌，比乐队唱得还好，这里吃得东西真的不便宜，不过氛围很好，去的那天正好是阿根廷和德国队的球赛
"
"1879291","去看过Carlton乐队的一次表演，之前在Blues&Jazz里有看到过。
Champions Bar 绝对属于运动型酒吧，比较特别，很美式的风格。特别是周末的晚上人很多，气氛不错，可以玩到很HIGH的。比较多的还是外国人，看看体育转播，玩玩桌式足球，小喝两杯，应该是蛮relax的吧。
"
"1879291","2011年11月19日星期六，Joyce在上海万豪虹桥大酒店一楼冠军吧(champion bar)为儿子果果庆祝百日。准备了一些自助的冷餐、茶点、饮料。奶酪冰激凌很好吃。下午15:00-16:00，还邀请了一个菲律宾歌唱团演出助兴。感觉气氛很融洽。
"
"1879291","跟HONEY一起去的，当然是因为一个西班牙人介绍的，因为那里有现场LIVE SHOW,非常棒,只是奇怪的是,他们唱的歌我都唱不出来,不象宝莱纳那里的歌都能唱,郁闷一记.
  大家都座得比较散,我点的是玛格里特,调得很怪,里面放了冰沙,朋友点的长岛冰茶也是,都加了冰沙,挺奇怪的.不过来这里听听歌跳跳舞还是不错的,还能打下桌球
"
"1879291","上次是冲着乐队去的。少了Carlton J.Smith之后的Champion bar失色了不少。5月开始换成另一支乐队Jingo。吉他手弹唱还行，两个主唱就差强人意了。晚上顾客少了大半，冷冷清清。
食物口味很一般。结帐时加收15％服务费。
冠军吧官网上有menu下载，还有FI赛事日程，这些都很便利。
"
"1879291","和几个兄弟去看南非世界杯，pub里大大小小摆满了十几台电视，但大屏幕就两块，还有一块是投影，有点不清晰。总的来说，气氛还是不错，美女也不少，可惜就是环绕在老爷叔左右了，呵呵。
"
"1879291","使参加活动去的
中午的午餐就订在那里了
很棒的酒吧 一看就是运动吧
午餐里面的鸡块和三文鱼很好吃的
吃得我撑死了
玉米浓汤也赞一下
呵呵  环境很好
估计晚上的气氛还要好吧
"
"1879291","店面里挂着姚明的球衣，四周都吊着电视机，有球赛的时候，这里应该是很热闹的。
在这里吃过一次自助餐，烤土豆非常好吃，有股奶油的香味，撒了些胡椒粉。
布丁上面一层果酱酸酸甜甜的，女孩子应该都很喜欢。
"
"1879552","晕，这个都有啊，经常看到很多人排队，自己也好奇去买，结果还好啦，但是不值得排那么长队哦！
可能因为挨着留学生宿舍，韩国人比较喜欢吃大饼才火起来的。
"
"1879552","呵呵，刚开的，就在留学生餐厅边上，门口挑一个幌，黄底红边黑字，一个武字，呵呵，我以为武大郎的后裔开的呢，一看，经营的却是南方烧饼，几种，梅菜的、苔菜的，现吃现做，买了个梅菜肉的，2元，味道不错，薄薄的两层皮，里面加的是梅菜和一些肥肉丁，梅菜嘛，自然要肥肉才够香，口味咸中带甜，就是饼皮太干了，北方管这种没芝麻、没硬底的东西叫火烧。
"
"1879552","开了有两三年了吧，一直就都吃肉梅菜的，很好吃，又很便宜。外面常常有韩国人在排队。常常得等。不过味道真的很不错，就是没刚开始的时候脆了外面的饼皮，趁热吃比较好，凉了就觉得有点腻了。
"
"1879552","上课时经常关顾的地方，主要是懒得在出去买饭吃了。
一张饼加上点热水，饱了，呵呵&&
味道不错，最爱吃苔菜的了。
"
"1879552","真的 真的是滴水不漏啊这个网站    连我们学校这个小店都有
佩服   既然看到就说一下吧   这家店是个专门外卖店   可能是因为在学校吧  所以买的人特别多  经常看到有人排大队   还有老外  个人觉得烧饼的味道很一般呀
其他么  想不起来什么啦  人大的同学看到了再补充吧~~嘻嘻
"
"1879552","竟然能有武大郎烧饼~~太感动了。。
哈哈这家被师兄在去年五四主持人大赛拿来做过文章的烧饼店,""鸡翅袭来烧饼挡""，不知道有多少人还记得~最后谢幕的时候，人家都被送鲜花，结果师兄收到的都是烧饼^^
每次课间来不及吃饭、在八百忙彩排、等着入场看演出的时候，就会去武记买肉梅菜的烧饼，有一次给工作人员带饭，一口气买了十几张，估计后面排队的都巨汗...
这学期没有在教一教二的课了，还没光顾过，涨价了啊。。希望下次去还是原来那个味道=)
"
"1879552","那么好吃的烧饼  唉  没人气    最爱肉梅菜加辣   脆脆的一口  。。人大的学生有福  应该说留学生宿舍里的同学们有福   楼下就是   建议同学都趁着毕业前多吃点
"
"1879552","这个&&其实一直觉得肉梅菜的相当好吃。不过不知什么原因，今天去吃饼皮没有以前吃的香脆。不知是不是持续的质量下降。
刚出炉的时候，好吃！
"
"1879552","哎呀。。。没吃过这个烧饼的不算人大人啊。。。虽然涨价了。。。晚上6点钟课前的人还是老长的队伍。。。哇咔咔。。。肉梅菜的好吃啊。。。刚出锅的拿在手里热热的。。。咬在嘴里脆脆的。。。开店的貌似是情侣哦。。。先说吃什么味道的。。。然后三下五除二包好放在奇特的炭火大锅里烤一下。。。很快就好了。。。而且香味飘到好远。。。
现在不怎么经常去了。。。但是是很好的回忆哦。。。
山山师兄还拿这家店来了个水煮RUC之武记烧饼。。。牛人啊！！！
"
"1879615","刚开的店，一直想去，终于有机会也有理由去品尝一下了。特价羊肉一元一盘，不错，但每人保限一份，我和老公两人，一人要一份，也差不多够一份正常量的羊肉了，要了一份普通肥牛，才十八块钱。老公要了个啤酒3元，我喝的是免费的酸梅汤，我吃的免费送的面食当的主食。要了几个素菜，发现他们家的素菜都在五块左右。还有火锅的锅底最贵的才20元。
特别推荐他们家的免费送：
饮品：酸梅汤、豆浆、银耳汤
主食：芝麻烧饼、麻团
"
"1879615","两个人去的，点了一个香辣虾58，1个特色的凉拌的花生，1盘粗溜圆白菜，还有1个饮料。
香辣虾，里面大概有1斤半左右的虾，还垫了一些莴笋，不是特别辣，但是很香。
那个凉拌花生里面的花生是生的，用花椒水等调料伴起来很爽口，味道也比较特别。
粗溜圆白菜是菜谱上没有的，我们建议他们加在上面，炒得很家常、清淡，似乎没怎么放味精和高汤，比起一般的菜馆用料要精致和新鲜。
我们在那里吃饭的时候还有电话打过来要外卖，似乎还为周围的小区提供外卖的服务。
装修得还不错，我们晚上8-9点去的，人不多，服务态度也很好。门口的保安和小服务员跑跑闹闹，不觉得烦，反而觉得很有意思。
"
"1879615","和几个朋友去奥体玩，中午就来到这里，去的时候人不多，但上菜却很慢，一打听才知道，附近的单位比较多，订餐的特别多，所以慢，这还是周末呢，真想象不出，要是工作日会怎样的速度？
菜的味道很一般，点的菜里就梅菜扣肉还行，其他的真是不敢恭维，菜太咸，且放的味精太多，上米饭的时候，居然有一碗也就多半碗米饭的样子，其他的明明都是上尖的一碗，连米饭都这么抠，真是可以的了，不会再去了
"
"1879615","去过一次&
怎么说呢&
平时吃个便饭去还可以
不算好也不算不好吧&
感觉味道上面还需要改进才行&
以后一半是不会去了&
"
"1879615","初一中午大哥家聚会 时间仓促 临时帮他订了家附近 这里最大的包间 九寨沟 反馈还不错 10人 酒水 还有一个比较贵的100多的菜 共500多 昨天我家聚会 提前订了九寨沟 11：30 没什么人 一楼2 3 桌 二楼只一间有人 还想其实不用提前定的 等我们人到齐 包间全满 呵呵 有远见 10人 凭记忆菜价如下4凉菜 木耳12 爽口 特色花生米10 酸甜 加了蜂蜜 肘花16 没尝 原味沾汁 很快扫光 麻酱油麦菜8 酱汁甜香 6荤菜 28一斤水煮草鱼2斤6两72 鱼很实在 又大又新鲜 可惜刀工 鱼片太厚 不入味 小份樟茶鸭28 味道还好 只是真是小 份呀 毛血旺25 入味 佛手羊排28 一般 该叫小排 梅菜扣肉12 菜不错 肉没吃 两吃虾48 没吃 2素菜丝瓜烩茄子12 几乎没吃出丝瓜 山菌日本豆腐16 芡太浓 2点心 香芋卷没味 紫薇饼油温不热 不酥 均6个6元 菊花茶10 燕京精品5 总体还好 菜量太小 又加了醋溜白菜10 芡浓 白灼韭根12 没味 油大 小菜豆腐汤8 没几个小菜 味道还好 6米饭 共369 打包鱼1盒半 花生米 米饭1碗 呵呵 返券90 开始人少服务及时上菜很快 后来加菜太慢 老板娘楼上楼下忙的团团转 总体全家还满意 老爸嫌没啥大菜 唉
"
"1879615","http://www.dianping.com/group/bjmeishi/topic/3258131
【川老坎】～～
上周五从奥林匹克公园拍完照片出来，点评加google地图 找出来这么个地方 在奥体中心东边，一个胡同里 
门口有几个停车位，还有专人指引，很不错，就是吃半截让我挪了回车
大门表面还挺不错，进到里面一看可能很久没装修了，比较旧比较土。。。再加上逆光，拍出来黑乎乎的，就不上了
说说菜品
【重庆凉面】 
2元小碗 没有麻酱的凉面，算吃过不错的 
【狮子头】  8元一个
为宝宝点的，因为之前他零食吃了很多 so只给他挖了一点拌饭 
吃到最后才发现，似乎烧汁有红腐乳不应该给他吃
上点评看大家推荐的
【鱼香肉丝】
量足，肉丝挺粗大 但味道一般，不是很好
又忘记说不要姜了 吃的我很纠结
【毛血旺】 32
里面居然有腐皮，太好啦
还有芝麻
还有海白菜
那午餐肉和白百叶根本没敢吃
黄喉不太多，不过也不错啦 鳝鱼发现了一丢丢，挑给妈妈吃
加了米饭饮料，一共不到七十
看旁边桌吃的酸菜鱼，还有一个全是串串的菜 都很不错的样子，下次再去尝试吧
"
"1879615","2010年6月11日晚上在这里吃饭，点了鱼香肉丝（16元/份）、宫保鸡丁（16元/份）、粉蒸肉（28元/份）、麻辣两江鱼（特价38元一份）和重庆凉面，外加两碗米饭（1元/碗），一共花了102元。（酒水自己带的）
    作为川菜馆子看门菜：鱼香肉丝和宫保鸡丁味道和卖相都不错；粉蒸肉中的肉有点回锅肉的劲儿，口感和味道独特，算是意外发现，以后来这里可以不点回锅肉改点这个了，里面有荷叶饼，主食都有喽！麻辣两江鱼是用土豆粉儿打底，外形像面条，口感赛粉条，赞！
"
"1879615","川菜吃的太多了，没有特别的特色已经很难入眼了。这家店给人的主要感觉是装修的还不错，不过人并不多。原因可能就是缺少太特色的菜品吧。不过，价格挺平实，加上环境，朋友聚餐应该是不错的地方。另外，有情提示一下，店铺的位置大众点评提供的地图标注的不准确，准确的位置大约在北苑路和安苑路交叉口处，其实很好找。
"
"1879615","离家近 原来老去吃 后来吃多了就不爱去了
刚去的时候觉得慢好吃的 渐渐去多了 就觉得他们家吧 环境乍一看挺好的 但是地面老油乎乎的 而且二楼更是破烂 菜也觉得没有头几次吃的香了 麻辣香锅不好吃 不入味
好吃的么 记得有个美容猪蹄挺好吃 有个炸虾的也还行 其他的就普通了吧
"
"1879615","味道不错，可惜这回点的辣菜太多了，麻辣香锅比较辣，大家点的时候可以考虑搭配点其他不辣的， 要不然肚子会抗议的。建议喜欢吃川菜的朋友有时间去尝尝！呵呵～
"
"1879615","和同事聚餐最常来的地方，饭菜都是我喜欢的口味。
环境呢，是一般的，但是在布置上，为了配合川菜的主题，用了四川有名的地名作为包间的名字，在装潢里也加进了相应的元素，这一点，在这个不大的店的，是很难得的！记得一次请九寨沟管委会吃饭，就特地定的这里的九寨沟包厢，呵呵&&应景的说！
另外，餐厅除了返代金卷外还会有点数卡，凑够一定数量的点数卡可以换小礼物的，呵呵，比如我办公桌上挂的小熊熊：）
"
"1879615","经常去，味道可以，服务也不错，每天有特价菜。酸汤肥牛不错，蟹黄豆腐也好。楼上的雅间还没有去过，停车不方便。
"
"1879615","离上班地方比较近，有时会过来吃工作餐或同事请个客什么的
吃川菜的地方，一层散台楼上包间，环境还凑合但肯定比不上俏江南
这家的麻酱油麦菜竟然和俏江南的味道很像，好喜欢，每次都让服务员回一次酱汁。铁板茶树菇很好吃，不会很硬且贴着铁板那一层是油滑嫩嫩的鸡蛋，很让人胃口大开
这里的菜整体来说做得挺好滴，但水煮鱼实在一般。
"
"1879615","大学同学聚会在这儿吃了一次。地方不是很好找啊！
本来我不太喜欢吃辣的，来这里也是挑不太辣的吃，这里菜的味道还是不错的。尤其是酸汤肥牛和水煮鱼，受到了众人的一致好评！
"
"1879615","第一次来到川老坎聚会，几乎把他们的招牌菜都品尝了一遍，感觉超爽！我下面就把菜色和大家分享下吧！ 凭记忆哦~~~ 
口水鸡，一阵麻蜡鲜香的味道扑面而来，尝的我口水直流~~ 
脆牛皮，真的很脆，超级有嚼劲~~ 
凉拌木耳/西芹，爽脆可口 
毛血旺，血块的烹饪时间刚好，嫩嫩的 
特色花生米，辣椒油凉拌的，花生是生的，比较特别 
酱肉蒜苗，特别的酱肉配上蒜苗，是下饭的好菜，但本人觉得酱肉偏咸 
粉丝鳝鱼，中规中矩，想补血的朋友可以吃多多点哦 ~~
最后，是我最喜欢的四道菜了排第一的是沙拉虾仁酥，新鲜的虾仁里面夹着香甜的沙拉酱，外包裹一层脆酥。一口下去，用粤语说是好正啊，再配上中间的水果，好吃停不了口 
第二是樟茶鸭，用的瘦型的鸭，与广东的烧鸭味道不一样，其为以咸香为主一口咬下，连骨头都有味道 
第三是浇汁肥牛，本人比较钟爱牛肉，特别是肥牛，配着锅里的豆芽一起吃，感觉很特别 
第四是老坎坨坨鸡，用的是乌鸡，配着莴笋，里面好有新鲜的花椒，口感就不用说了，还很滋补哦~~ 
PS 本人是老广，很少会吃川菜，因为受不了那个辣和麻，但这次我还是坚持住了，幸亏果粒橙的帮助~~ 走在路上，突然发现手指竟然留有樟茶鸭的味道，晕@@@@"
"1879615","听说是原来永定路搬过去的，所以千里迢迢的也去了，结果发现厨师换了！菜品全换了！普通的川菜，没什么新鲜的~太失望了！喜欢的蜀香酥鱼片没有了！
"
"1879615","觉得不是特别的正宗，不过那天爸爸没的吃就过来吃了，感觉还好，有点自己的特色，家近的可以去那请客，家庭的聚餐，这里还是拿得出手的呵呵
"
"1879615","老公的同学请客吃饭，我们一行9人就杀奔了这里。赶上周六特价的水煮鱼，再加上烤鱼，馋嘴蛙，毛血旺，干锅肥肠（肥肠少得可怜），小炒肉（肉也很少）什么的，全是辣的，说加一个不辣的清炒芥兰吧，还卖光了，呵呵。辣就辣吧，一桌子人用了3盘餐巾纸，加了4次茶水，才算扫荡光。菜的口味不错，辣得很正，价钱也不贵（我们自带了酒水，服务员看见了也没制止）但是看装修，估计店铺开业时间不短了，呵呵，还是抽空稍微修饰一下。
"
"1879615","离家很近的一家店，经常过去，店里有炒菜和火锅两种，都值得推荐。
炒菜主要是川菜，一般的家常菜做的味道都不错，水煮鱼做的也不错，卤水拼盘和小炒鲍汁菇都是经常点的菜。
火锅是正宗的四川红油火锅，锅底很香，不怕辣的人少点那个小辣锅就好了，吃的很爽。
"
"1879615","经常和朋友一起去吃，觉得比较好吃的就是酸辣土豆丝，也不贵，朋友经常爱吃盆盆虾，就是特辣不过很过瘾就是了，其他的大拌菜也还行，荞麦面有点硬，没准就是这样的呵，水煮鱼味道也不错，有个什么带鱼味道不错
"
"1879615","菜做的还不错。
双椒鱼头（不知道是不是这么叫的），还有别的鱼做的都不错。
凉拌西芹也不错。
醪糟汤圆也不错。
啤酒最便宜5元一瓶
"
"1879615","因为单位在附近，我又比较爱吃辣的，所以经常会来这家。每次来之前，都会在饭桶网上预订，因为可以享受88折。比较爱吃的是酸汤肥牛、铁板带鱼、宫爆鸡丁之类的，每天都有一个特价菜，别忘了点。总体说性价比比较高的一个餐馆，推荐。
"
"1879615","凉菜
【老醋花生米】醋味很淡，而且花生不饱满，里面还放了些小红辣椒段，干辣干辣的
【卤水豆腐】样子还像那么回事，切的中规中矩
热菜
招牌【酸汤肥牛】味道还可以，不吃辣的估计尝试不了，很像酸菜鱼，不过把鱼换成了肥
牛，同时把酸菜去掉，只用其汤汁，并且加了不少胡椒粉，汤底铺的是鲜黄瓜片（去皮
的）整体感觉很下饭。
【菜根香排骨】一点都不香，到是很咸，大概有8、9块排骨，排骨上面的酱料和方便面
里面的酱料一样的味道，一模一样^@^
【干锅莴笋片】是明火的，量非常少，除了笋，还有一两片五花肉，菜的整体颜色不鲜
亮，很酱油&&
【酸辣粉丝鳝段】听名字就知道菜的样子了，器皿很大，里面内容不多，大部分都是粉
丝，可怜的，干干的，鳝丝簇拥在上面，看着红红的油，辣辣的油，不知新不
新鲜的油我抑制住了好奇，居然没吃&&我实在是有点怕了饭馆里类似水煮鱼这样菜品
的用料，那里面的辣椒，那里面的油&&
【醋溜土豆丝】说实话，真没我做的好吃，什么味道都没有，估计是大师傅不xide做，不
过很适合我的口味，就是淡（少吃盐，少吃油，少吃味精，少吃过重的调料）
【炝炒圆白菜】和土豆丝一样，都是大师傅不xide做的，就像水熬菜
【松仁玉米】几乎没有松仁，玉米是老玉米，其它的我就不想说了，太太太&&一般了
【红烧肥肠】味道还过得去，和地三鲜雷同，莴笋，香菇，肥肠，反正也是酱油色，我就
暂且说它是酱香口感吧^6^
主食【金银小馒头】六六分，白色的馒头都是凉的，不是一般的凉，根本就没热过&&金
色的都被大家夹走后，让服务员拿去热，拿回来的居然还是凉的，够xide吧，服了，彻底
的服了&&
这里没有免费的茶水，如果你需要，服务员依然会给你提供免费的用茶壶倒的热白水
现在好象有一个什么活动，50元积一个点，用点数换购小礼物，我看了看橱窗里的东
东，一个次品中的次品小老鼠毛绒玩具手掌般大，居然要10个点数&&
哈哈哈哈哈
"
"1879615","""好""就一个字!水煮鱼很不错,辣椒又多又香,够麻够辣够好吃!鱼肉很嫩,菜底也很够味道!非常好!环境也不错,桌椅够大,服务态度不错!!价钱适当.
听服务员说锅底放土豆超好吃,打算下次一定尝尝!! ^0^ [吃过了,不土豆错~但豆芽还是上选~]
着实是真的真的~~比麻辣诱惑的好吃多了,个人觉得,简直不是一个档次的!!
增评:★昨天晚上又和老公去这里吃的,水煮鱼依旧很不错的味道~就是忽略了一点哦,忘记是周6的水煮鱼是半佳优惠了~所以昨天一个水煮鱼花了70多~但也值得了,因为很好吃,所以很和老公依旧高兴(但提醒要是能记得住时间的话,还是周6去合适,特价才16一斤~~平时30几多一斤~~差好多哦~~)
★另外推荐那道我们昨天去吃的~周一特价的~~~`晕~刚吃完忘了什么名字了叫""粗粮包""什么来着~~~~ 很不错~周一特价的那个~
"
"1879615","地方不难找，就在路口。两层楼，楼上有包间。
应该是换了厨师班，老牌招牌菜很多都没有了，性价比总体还行，适合朋友小聚随便吃
"
"1879615","朋友来我家玩，后来中午决定外面游击，所以来到了对面的川老坎。说实话，我都一直以为这里的名字叫新派川菜呢 因为它门口前面打的就是这些大字，但是吃出来一回头才知道叫川老坎，总体还不错，川菜的味道一般都一样了，呵 非常喜欢那个雨花石汤圆，做的有特色，还有毛血旺。还有一个辣的原料是粉陀吧，忘记了。我只要到了川菜馆子就习惯性点宫宝鸡丁，这里的鸡丁做的太一般了，还没有我们家四川阿姨做的好吃。价钱一般，不是很便宜也不是很贵。顺便八卦一下，这里开了4家饭馆了，但是终究都没有逃脱倒闭的命运，呵～拭目以待了
"
"1879615","晚上来吃的火锅。
味道闻着很香，吃着也还不错。
鸭血虽然不是那种鲜的，但是异常鲜，很好
菜式一般没什么特别的，主要就是吃锅底了。
还有单人锅和小锅，比较实惠。
免费赠送银耳汤，麻团，烧饼，酸梅汤等，还算不错。
"
"1879615","一看名字就知道是川菜了。酸汤肥牛很有意思，跟别家不一样。在这吃饭的人很多，感觉大多数都是附近居民，生意很好，服务响应挺快，上菜速度也不错
"
"1879615","非常不错，在单位附近，这次感觉出奇的好。服务好，菜品味道好，吃的很happy。过生日还能送一碗长寿面，长寿面很好吃，里面还有鸡蛋和青菜。两面2块钱一小碗，味道非常不错。菜品很具有诱惑力，服务也是非常好捏，下次还要来~~~~
"
"1879615","参加一个聚会活动去的，很正宗的川菜馆，咸香的成都辣味风格。
菜色不错，就是地方稍微偏了点。推荐他们的吹牛皮，樟茶鸭，沙拉虾仁酥。
与想象中的传统川菜不同（我是四川人，发言还是比较权威喔），菜中多加入有泡椒提味，味道偏酸，倒也真正体现出了新派川菜的鲜辣。大家可以去体验一下，很有特色。
"
"1879615","在奥体东门的消防队南面，地方很好找，门口的车位不多。
总体感觉一般，特别辣。
水煮鱼，没感觉有什么特别的，还常常没有鲶鱼，而草鱼的刺比较多。
芋儿烧鸡就是一个字辣。
而且自带酒水的话，就不给开发票，真是霸王条款。
"
"1879615","以前这个地方开一家饭馆就倒一家，最后这家总算立住了。其实它的手艺也一般，不过我觉得它的香锅不错，味道挺正的。墨斗鱼、午餐肉都很香，再加些藕、土豆，香。
"
"1879615","酸汤牛肉和麻椒牛肉都好吃，里面的豆芽比较多，但是也很好吃：）喜欢吃酸辣粉，不过不辣觉得，放的辣椒油，到时很香，和别的小吃的味道不同。想尝试酸辣粉又怕辣的朋友可以点：）
    没点麻辣香锅，很是遗憾，不知道好不好吃。
    点的麻辣烤鱼，结果最小的是2斤7两，也不知道做出来的是不是有这么大，没吃上莴笋，因为没了。本来服务员说土豆没有了，结果上来的时候土豆又有了，害得我们还点了别的菜进去，有了土豆也没问我们要不要就直接放进去了。。。上来的比较晚，剩下了一大堆。味道不浓。耗油土豆泥也没吃上。。。凉拌黄瓜也不新鲜。老公去过说好吃，然后几个朋友去，结果吃完了就不想再去吃了。
"
"1879615","无意中闯入了这家饭店，吃的火锅，锅底非常正宗，典型的红汤呀，那牛油叫一个多，吃着香极了。当天还有一元一份的羊肉，虽然只有一口的量，但是也算是优惠呀！鱼丸不好吃，是超市那种最便宜的品种，吃着没感觉。不过总体还过的去！
"
"1879615","公司门口的一家店，就辣的口味来说在东门这一篇算是不错的了！
和铁磁的行动又开始了，今天周五所以呵呵~~中午放纵一下，晚点回公司~~
点了一锅素的香锅，价格大概四十多吧，他家是五种起步的，呵呵要的都是素的，肉没有全是海鲜什么的，不推荐~~但是这香锅的味道确实不错，建议少吗椒，真的好嘛！！！
酸辣土豆丝，汗！！！川菜馆里居然没有这道菜，服务员一问三不知！！！要么选择呛炒得，要么醋溜的，我们俩都无奈了，告诉服务员要么把醋溜的里面放辣椒，要么把呛炒里面放醋，同样让她选~~~~结果，需要问问后厨，这时的我们已经抓狂了！本来天气就热，真的快崩了！哈哈，无奈的笑吧~~~但是做出来的问道还是不错的！
还有一道水煮猪肉一道炸花生米，一般般吧没什么可说的了，无功无过。
就口味来说算是过得去，就是服务员，我们哥俩儿真的过不去~~~
希望不要让服务员来阻碍一个参观的发展！！！
"
"1879615","楼下的餐厅，公司的食堂。同事过生日，十次其中有九次都老这里吃饭~
我们都混成熟脸了，呵呵~
步入正题，
四川菜系的餐厅。
菜品不错，卖相很好，装潢的也很有特点，尤其是楼上的雅间，有四姑娘山、九寨沟、等等。
经典菜：水煮鱼，干锅笋片 口水鸡，麻辣香锅，等等。
菜量很足，是实惠。
这里还可以外送，而且还有积点换礼品活动。
"
"1879615","昨晚来这里吃火锅，叫的鸳鸯锅，那个辣汤里面明显加了蜡，不是牛油羊油之类的，滴到桌子上和碗里马上就结块了，很恶心！老公吃完回来就闹肚子了。金针菇好像也没洗就端给我们了，放菠菜的碟子最下面都是薄薄的泥沙，不卫生。清汤锅底味道也不太喜欢，总觉得有点鱼腥味。不推荐！
炒菜怎么样就不知道了，好像蛮多人吃的，但看上去也不是很清爽的。
"
"1879615","今天老豆突然想吃梭边鱼，后来学么半天打算去俏巴妹吃烤鱼。路过川老坎门口，
看到饭馆里面有特价鱼的招牌就进去考察考察。大致看了下菜谱决定晚饭就在这里
解决。
招牌菜：酸汤肥牛（32元），麻辣三江鱼（38元原价58元），鲍汁杏鲍菇（22元）
凉拌木耳（12元），瓶酒2瓶（5元*2），米饭2碗。不要发票给听饮料。
酸汤肥牛酸味辣味十足，吃的老豆连呼过瘾，酸而不腻，底下的配菜黄瓜片也是味
道满满，非常类似西餐里的酸黄瓜，好吃！
麻辣三江鱼原料为草鱼，刺不多，秉承川菜的特点麻，辣，里面的花椒都是绿色的
鱼切成条块状，平铺在一个直径挺大的盘子里，下面有非常晶莹剔透有嚼劲儿的土
豆粉。分量十足~~嗜辣人士之必点硬菜
鲍汁杏鲍菇：唯一一个不辣的菜肴。炒的中规中矩，鲜香适中。当解辣的菜很适合
凉拌木耳：用的木耳质量不错，小碗状的，劲道厚实，有芥辣之味，很开胃的一道
小凉菜。
看到这里的广告牌特色之一是绿色火锅，特价羊肉1元1份，下次有机会可以尝试一
下。总体来说这里还是相当物美价廉的，而且味道够麻够辣，是我喜欢的口味。
以后肯定会常来的~~
PS:这里的服务员个顶个的都皮肤超好，吹弹可破哈哈！不愧是川妹子，羡慕啊~~~
"
"1879615","我也是看着别人的点评过来的，里面装修的一般。菜做得有特点。
水煮鱼做得不错，价格也不贵。点评卡不打折。推荐喜欢吃川菜的人去尝尝。
"
"1879615","上次跑完马拉松来吃的，从奥体东门往东走几分钟就到，这次再去吃，还是觉得不错。两个人点的川北凉粉8元，呛炒圆白菜10元，回锅肉25元，加三碗米饭46。吃的是很家常的川菜，味道很正宗，而且环境很好，好多环境很差的小馆子吃这些菜也要三四十吧，味道还未必好呢。以后有机会来这边的话还会来吃的。
"
"1879615","和家人来这里吃，觉得菜做的不怎么好吃，豆花鱼籽比较咸，推荐的老坎坨坨鸡也一般，总之川菜做的不正宗，菜品不够精致，不太喜欢。
"
"1879615","店铺不是很大，而且也不是位置也不是特别显眼，但是环境还是不错的！很幽雅、安静，适合约会，我比较喜欢这里的气氛。
饭店里四周都是有沙发的座位，很舒服
大理石的桌子，凸显典雅
水煮鱼等川菜做得不错，我还吃过香辣蟹，很香很辣，让我既辣得有些承受不住，
又还是忍不住想吃！
干锅茶树菇我也特别爱吃~~
下次想试试盆盆虾、馋嘴蛙等美食
"
"1879615","别人推荐这里，约上一个朋友一起去的！装修得还不错，我们饭点过了一点点去的，人不多！
香辣虾，里面大概有1斤半左右的虾，还垫了一些莴笋，不是特别辣，但是很香。
凉拌花生里面的花生是生的，用花椒水等调料伴起来很爽口，味道也比较特别。
醋溜圆白菜，炒得很家常、清淡，似乎没怎么放味精和高汤，比起一般的菜馆用料要精致和新鲜。
  这里还为周围的小区提供外卖的服务。服务态度也很好。门口的保安和小服务员跑跑闹闹，不觉得烦，反而觉得很有意思。推荐！
"
"1879615","就在家附近，可以说是这里的常客了，至少去了几十次了，大众口味，但是吃的次数多了就没什么吃的了，每次去的时候就是发愁吃什么，那里的菜没有特色，吃多了就那么回事，不能吃好，但是能吃饱，环境一般，人多，服务一般，一块钱的收费筷子，你可以不要换免费的
"
"1879615","水煮鱼不错，还有那个像是蔬菜羹似的东西，相当的不错。上菜很快，但是次序太不讲究，先是稀里哗啦把素菜上了，水煮鱼和别的热菜还没上，竟然又要上米线，崩溃了。
"
"1879615","水煮鱼的味道太好了，下次还要去，那个酸汤牛肉一般哦。。公司一起去的，还吃了好多别的就是不记得名字了，不喜欢吃那里的南瓜饼。。
"
"1879615","交通不是很方便，但味道我觉得是川菜里数的上的，环境给人的感觉是很怀旧，酸汤肥牛是我的最爱，每次必点，还有毛血旺，口水鸡，川北凉粉，呵呵！！！
"
"1879615","喜欢吃他家的酸辣蕨根粉和那个象生花生的凉拌菜。以前住在附近的时候经常去吃，住的远一些了也就算了。环境还可以，也很容易找，在斜街和安苑路的交叉口处
"
"1879615","每次去都喜欢座一层靠窗的位置,菜不错,每天还有特价菜可以选择.特别是周六的特价水煮鱼挺值的,吃完记得要积分卡,可以换小礼物,总得来说性价比不错.
"
"1879615","经常路过这家店,终于去尝试了一下,水煮鱼和毛血旺都很到味,比较爽,点了几个凉菜,还有什么菜我给忘了,但是总体感觉还是很不错的
"
"1879615","喜欢吃一种虾，沙律虾。虾上面有沙拉酱，口味清淡像西餐做法。还有醪糟汤圆和担担面也很地道。每次吃饭时间去人很多。就是停车位太少。
"
"1879615","家里的食堂，便宜又近。
口水鸡不错，干锅莴笋片一绝，咸香入味，这个我最喜欢，几乎每次都点。
万州烤鱼也还行。
但是那个后来有的蚝油土豆泥简直&&好吧，算我那次倒霉
"
"1879615","不知道是不是太挑剔的缘故，去过两次都觉得这里的菜一般。也可能是因为没有点到特色菜的关系吧。。
    吃了水煮鱼，感觉不是特别好吃，鱼肉不够嫩。价格倒是适中。
"
"1879615","一个老朋友到深圳发展两年了，心心念念的想着北京的火锅，终于回来北京，为了尽地主之谊特地带他到家附近的川老坎吃鸳鸯火锅。
点了 小羊肉 肥牛 贡丸 油豆皮 白薯片 粉皮 还有很多的蔬菜，结果3个人吃了4人份的菜。
之前看的点评说这家很辣，特意叫他们少放辣，我一向很能吃辣的人，结果还是给辣到了，给朋友们个建议如果不能吃辣的最好还是不要点辣锅。
老朋友专吃辣汤，说吃的很爽。气氛好，吃什么都香。
"
"1879615","和朋友去旅游，她亲戚请我们去吃的，酸汤肥牛不错，很开胃。那个沙拉也很好吃，我们点的鸳鸯锅，太辣了，而且很容易就板结了，吃的我眼泪都下来了。不过那个肥牛还满值的，一块钱一份，我们点了五份，味道不错。下次去再也不敢点辣汤了
"
"1879615","第一次去：开车到哪儿就吃哪儿了。门口车位不多，停在了路边上，没想到里面火锅位也不多，一溜都满了，只好点菜吃，当时应该点了不少类似水煮鱼之类的川菜，但因为当时是紧张和人讨论裁员补贴问题，心情一激动，味蕾的功能就减弱了。
第二次去：5点还没到，两个没吃中饭的人走到马路尽头吃火锅。点了鸳鸯的，辣汤味道蛮不错的，咕嘟咕嘟先滚了，我笑说像地狱炼油。里面的调味料真不是一般多，捞出来整整两小碗，还有余的。并不偷工减料。
方竹笋和我在青海吃的有出入，不过味道还行；肉据对面专业人士说不够好，一下锅就散，而且一直红红的；豆腐皮和蒿子秆是必备菜，今天大大补充维生素和蛋白质了。
昨夜的吵闹折腾眼泪控诉，把我消耗了一大圈。
也是时候减肥了。
"
"1879615","因为离的近,我喜欢吃辣的,所以去得次数很多,虽然口味不怎么样,昨天去感觉那里的客人也不比以前多了,本来说好我们在饭桶网上订的可以打折,可是老板没给我们打,最后交涉了半天,才把一些很家常的菜(很便宜)给打了88折,哎!
"
"1879615","呵呵 味道不错 本人不是四川人  但是对味道是很满意得 
水煮鱼很好吃 还有干锅莴笋、麻婆豆腐、美容猪蹄是我得最爱 
一个星期都会去一次 因为在我们公司楼下 方便  消费中等 服务也不错 店内环境也不错 强烈推荐
"
"1879615","物美价廉，环境也不错，东西好吃，但是不知道为啥生意总是不太好。
另外，他家非说鱼属于海鲜不打折，这点相当恶心！大家去吃一定要跟他理论的说
"
"1879615","川老坎，
味老好，
环境像酒吧，
根本不老坎，
川菜好吃，
价格实惠，
棒棒鸡，
水煮鱼，
馋嘴娃，
盆盆虾，
我都爱。
"
"1879615","去过很多次了，主要是离家近，不想做饭时会跑这里来吃；
第一次去吃泡椒鱼头很不错，分量也大，价钱￥48，算是经济实惠了；后来再过去吃就没有过那么好吃的鱼头了，而且总有点鱼腥味没去掉，感觉远不如前了。
还有他家的香辣肥牛也不错；
有一天特别想喝玉米羹，点了后悔死了，很难喝，早知道在家自己做了；
总结一句话，优缺点一半一半吧
"
"1879615","和LG两个人去吃的，点了两个菜，宫爆鸡丁和拔丝地瓜，吃的很饱哟。菜量很足，味道也不错。在饭统网上订的，打8.8折。很划算。
最近去了两次了，为我们点菜的那个服务员，真是要命 ，好象谁欠她钱似的，脸都不带笑一丁点的。真是郁闷，吃饭还得看她的脸色
"
"1879615","我觉得比较不错的店。尤其是他家的酸菜鱼，已经被我列为请朋友或家人吃饭的保留项目。吃了很多家酸菜鱼，就这家的酸菜正宗，回味无穷，每次吃完我还会把汤带走，回去再熬次鱼头~~~超香。而且大师傅片鱼片的功夫也不错。鱼片都很大，不散。水煮鱼也不错。不过和酸菜鱼比起来就不在一个档次了。
是父母也比较喜欢的一家店。菜品不错，环境不错。价格适中。可以被列为家庭厨房级别的餐厅。哈哈~~~~他家火锅没吃过，因为川菜做的在北京来说还是很地道的。所以我们每次的目标都很明确。菜量也不小，尤其是装酸菜鱼和水煮鱼的盆~~~很能压阵~~~~有气势。真是是个深盆。酱油炒饭也算是中上水平。只要油再稍微少点就完美了。
"
"1879615","我真是爱死他们家了！！！！！！！！！
蟹黄豆腐的蟹黄分量给的特别特别足~~~~~~~~~
毛血旺卖相不好看，但真的很好吃，就是鳝鱼少了点&&
宫保鸡丁！！！！！！！！！！！！！！！！！！！！超级好吃~！！！
香辣美容蹄也很赞~~~
总之就是各种好吃各种好吃
最重要的是，很便宜~！！！
服务员也超nice~~
"
"1879615","据说是2000年就开业了，在北苑路和安苑路交叉口那儿，餐馆明亮宽敞，价格比较划算。因为在公司附近，有时候我们会到那儿小聚一下！特色菜是干锅肥肠、干锅鱼杂、老坎坨坨鸡！其他就都吃家常菜了！
"
"1879615","和朋友小聚，环境还算安静，人不是很多，晚饭点。
服务员不多，态度不很好，叫个东西要找半天服务员。
菜品做的都还凑合，能吃，没有什么特色。
热汤面还不错。
"
"1879615","辣油是封在密封包装里的，吃之前拿来打开。看见那红红的辣椒油就想流口水
花椒辣椒超级足量
吃一次之后绝对还想去第二次
我和同屋姐姐好几次都吃完把辣油打包拿回家炒菜&&
原材料的份量也都还可以
推荐去吃
"
"1879615","川菜。地段和环境还不错，价格也不算太贵。点了个特色菜酸汤肥牛，开始觉得不太辣，吃得很爽，不过后来有些凉了，油腻感就起来了，竟然没有吃完。看来还是比较适合多人来吃。
"
"1879615","男朋友爸妈挑的地儿，不知道菜名，没怎么吃饱。酒糟汤圆不错，跟家里做的很像。某特色虾很不好吃，本来我是很爱吃虾的。酸汤鱼一般般。
"
"1879615","酸汤肥牛太好吃了~~~想了它好久阿，以前在别的地方吃过这菜，但一点也不爱吃，但吃了这里的就爱上了这个菜
一共吃过3次，最近一次是昨天，感觉黄瓜不酸了，没进味儿还有点生黄瓜那味儿呢。而且感觉以前有放那种绿色的花椒，但这次和上次吃都没有。
总的来说很喜欢！
而且记得第一次吃这个菜还是招牌来的
其他的菜做得也都不错！
"
"1879615","离单位近，这里简直就是我们的食堂。现在，中午点外卖也是这里了。川菜做得倒是不功不过，一般的俗菜也都有。是个比较实惠的地方。宴请就档次差点。
"
"1879615","因为就住在附近 所以以前老去那吃饭 以前的宫保鸡丁特别好 量也很足 但后来似乎换厨子了 觉得量少了好多 而且味道也一般了 以前周六水煮鱼半价 不知道现在还有没有这活动了 鱼香肉丝还不错 那的凉面也还成
"
"1879615","印象最深的就是他家的凉面，两块钱一碗，虽然小点，但是不是特别饿的时候，一碗必然够了，就算特饿，两碗也足以了，是在是太实惠了
"
"1879615","有次加完班，说去吃点儿东西，
就来这家了，
开始打算吃川菜，
可晚上天气比较凉，最后就决定吃火锅了，
要得鸳鸯锅，
辣锅真的很辣，
一般地方，都是以吃辣的那边为主，偶尔吃吃清汤的，
可这家的味道比较冲，开始大家还能吃一点，
后来干脆都去清汤那边了，哈哈~
只在辣的锅煮一些根茎类不易入味的东西，
比较能吃辣的人可以尝试一下，
或者跟服务员说，让少放一些辣的料，
总体来说味道挺不错的，
下次想尝试一下他家的川菜~
"
"1879615","酸汤肥牛，酸辣适中，肥而不腻，是我吃过最好吃的酸汤肥牛了；水煮鱼还可以吧，也比较嫩。川北凉粉中规中矩。环境也不错，服务和口味相比有待提高
"
"1879615","很偶然的机会和朋友聚会来的这儿，没想到还真不错。最大的特色就是经济实惠，菜码很足，味道也不错，有机会还有光顾的！！~
"
"1879615","好吧，看来我是第1个装饰完了评价的人，感觉他家的服务员全换掉了吗？不知道是我记错了还是怎样。现在的一批服务员应该都是新来的，桌也认不准。前几天去过一次了进门的时候看到满了没座位，我站门口等半天服务没人搭理，就走了，当时就感觉不对，在想也许是有点忙。今天晚上又去了，照样是我扯开嗓子叫的服务员才有人过来搭理我，坐在那里最少10几分钟了菜单也没拿来。开始让我们坐4人位说加一把椅子后来又换到圆桌了，我进来的时候圆桌明明没人的。倒腾着玩呢？菜就不评价了，体验不好可能有不良情绪。最后说说结账开发票。我们都快走了看到门口有消费多少可以办积分卡，也消费了不少足够办卡了就跑回去要一张。顺便问了发票怎么拿，因为结完账说开发票服务员记了一下说让明天拿。我也没在意。要卡的时候顺口问了明天怎么拿。前台很强硬的说，打折的不能开发票！！我是在饭统网订的打8.8折。400多才省了17块钱，还不给开发票！！！当时我就说哪里写打折不能开发票了。前台还是坚持。后来问了一下小姑娘说可以。前台还在那里嘟囔我怎么知道能不能开。。。。很不情愿的给我写了一张收据。然后登记给了我一张会员卡。会员卡本来可以积分的。但是前台说已经结完账了不给积分了。。。好吧，我无语了。外面好几个人等我呢。。实在不想说了。。。川老坎太让我失望了。本来在公司附近是挺受我们欢迎的一家。菜经济实惠还好吃，同事和朋友经常来吃。这次装修完了看来差太多了。。。。以后不准备去了。。。。
"
"1879615","喜欢里面火锅的味道，因为够辣够麻，哈哈   环境还可以 就是门口停车很费劲，经常发生交通堵塞。里面的炒菜还没有尝过，因为很迷恋火锅的味道
"
"1879615","就在家附近的这么家川菜馆，老妈懒得做饭啦就跑过去吃吃，家常菜的类型，价格很实惠，味道也挺不错的，很适合平时随便吃吃。按这个价位，环境还算不错啦，还有沙发位子，比较宽敞。
"
"1879615","非常好的体验,这才是新世纪的服务态度,男领班的服务态度不似乎一般的好,同事过生日带着蛋糕去的,还送了一碗长寿面.
点的乡村乱炒,椒汁肥牛,茶树菇土鸡,葱香带鱼,都非常好吃.
本身离得就近,下次还要去他们家!
"
"1879615","来这里吃无数次了，有好些菜都是相当不错的，例如酸汤肥牛、水煮鱼、蟹黄豆腐等等，堪称是物美价廉啊，不过原来最最赞的油麦菜粘酱，水平有所下降，酱料明显没有原来好吃了。
"
"1879615","因为离家很近，一入冬就开始念叨火锅、
他家的辣锅还是相当的不错！！nice~老公不能吃辣的人，都馋那个味儿！！可惜的是，他家的汤料不能外卖〉〈
主食的那个葱花饼很好吃啊！！
缺点的话：同价位菜品不能拼，两个人去吃的话有点单一。适合人多大家一起去！
"
"1879615","因为在公司附近，中午经常去吃，呵呵，家常的炒菜，总体评价不错，只是辣菜很多，川菜嘛，辣是肯定的，只是我不能吃辣，每次都要搭配几个不辣的菜，还要和服务员猛要白水~
"
"1879615","因为住这附近的缘故，经常和男友还有男友的妈妈一块去吃，有时候一群朋友也常去吃。味道都还不错。环境也好。
就是服务员虽然多，做事的少，有时候会说拿饮料，却给上饭。
这里人气满旺的。来的人挺多的。
男友最喜欢吃酸汤肥牛，味道不错，我男友喜欢吃里面的肥牛，我喜欢吃黄瓜，刚好。哈哈!黄瓜翠翠的，酸酸的，吃多了口感挺辣的，虽然没有红辣椒。
有次和男友还有男友的妈妈，朋友，加我4个人。那里鱼做活动特价。点了一锅鱼。4个人最后都没有吃完。东西分量挺足的。
"
"1879615","喜欢他们家的酸汤肥牛，几乎每次都点。但是上次在饭统网上定餐消费后，竟然不给我开发票，说是我自带饮料。还不是因为在饭统网上定能享受八八折优惠啊。比较生气。
"
"1879615","菜的味道很好，我同事是四川人，觉得味道非常正，我们都非常喜欢吃毛血旺，每次都吃的鼻涕眼泪一把流，麻辣两江鱼也不错，里面的土豆面很入味，今天尝了新菜，泉水牛蛙，我不吃牛蛙，但是同事们都非常喜欢吃，说很入味，就是有点咸，总而言之，常常去吃。哦，对了，干锅土豆是我的最爱，今天一个人干掉了一盆。
"
"1879615","来过几次 不过第一次吃他家里的炒菜  忒难吃  而且死贵   
过了很长时间才敢尝试第二次的   是因为朋友想吃火锅了  就来了  这次火锅的味道还不错  但是火锅 说实话 哪儿的味道都差不多的  
还有这里的服务  我一定要叨叨一下  服务质量太差  也不知道是老板没发他们工资还是怎么回事  对他们的任何要求 都是说了一遍又一遍才给做了的  火锅面要了2份  就给上一份  让他们给换个干净的勺子  结果把勺子拿走了 就没有再给送  我要了三次 才要回来的 不是需要的话 我不会再来这里了  真是扫兴啊
"
"1879615","晚上和GF一起去的，地方不是很明显，在一个十字路口的西南角，去的时候餐厅已经有翻桌了，所以也没等，一边是吃炒菜的，一边是吃火锅的，餐厅的结构挺怪的，好像是一个半圆型，不过座位是沙发的，整体环境还可以，四五个朋友聚会还是没问题的。要了一份水煮鱼（乌江鱼3.2斤），32元/斤，一盘炸南瓜条，一盘拌腐竹，一瓶鲜橙多（1.5L)，一共149元，两人有些小贵，如果是四人以上人均应该反尔不高。GF说水煮鱼的味道不错是正宗川菜馆，其它的就马马虎虎了，再有机会的话想去尝尝它家的火锅，不知味道如何？直得一提的是服务员，态度好，说话也挺逗的，而且挺实在的，点某些菜品的时候还会提醒你，此菜品的口味等等。
"
"1879615","昨晚和朋友两个人想找个吃川菜喝啤酒的地方，被推荐了这么个店，店不大不小，就是一般川菜馆的样子，位置还算好找，在居民区附近，声音不错，几乎全满，朋友说这不算人多的，有时候晚上来要等位很久，我们吃的是川菜，一墙之隔是火锅，据说这里的火锅很正宗，和四川的无两样，下次可以尝试一下。菜不错，口味挺正，挺辣，菜量也不小。服务员都态度都很好，而且还挺好玩儿的，提醒我们别喝多了之类的。还会再去~
"
"1879615","每次去这里就总吃的是火锅,好想很好吃的样子,老公第一次带我来时,我都有点心疼钱,这里的东西太贵了,不过这里的虾滑很好吃,很喜欢,这里的人很会做生意,吃完就给优惠券,也是每次都2,3百的饭钱,总是给你下次打折的优惠,这难免让人不想在去呀.
"
"1879615","以前中午工作餐天天在这儿吃，因为饭菜的味道确实不错，很家常，很正宗。
我之所以给差评是因为它的服务员，简直是已经不能差来形容了，以前去，都是一个傻噔噔的丫头服务，你给她说什么仿佛就跟听不懂似得，闷半天也不说话，也不知道她脑子缺个弦还是怎滴，但好歹人家是笑着服务的，咱也就不说啥了。
那天去吃，因为单位在这边建了一个账户，吃的超过了几千可以拿到一个折扣8.8折，我们共花了73，去掉5碗米饭，剩余的打8.8，真不知道这帮人数学差到了什么程度，前前后后算了5遍都是67，倒不是差这几块钱，只是那个服务让你感觉很不爽，就特别想找找茬。结果没等我们找茬，一个从我们进去就跟家里有丧事似得绷着一张脸的服务员远远地撇着我们这边，说烦！靠，老娘吃了几十年的餐厅了还没碰到这样的服务员！非但自己有问题不承认，还说别人的不是，出来工作还想耍小姐脾气！你算哪颗葱啊？？？
水平真不是一般地差，我说把经理叫来，经理过来后，唠叨了半天也没听明白他想说什么，最后来了句就65吧！明明是64块几，我就说还赚你们便宜了？真是没有自知之明！
算了，上梁不正下梁歪，反正以后是绝对不会再去吃了，一次经历就足够恶心的了！特别是，过了年回来再碰到那张哭丧脸，一年的好心情都不会有了
"
"1879615",""
"1879615","有段时间经常去，给我留下的印象是服务特好。不过我们人也好，到哪都人见人爱，哈哈！
就是家口味很正的川菜馆，干锅和鱼不错，火锅也好吃，就是量太大导致价格不便宜，有些不能拼不能点半份，所以人少吃不了几样东西。
不象有些店，得上一堆辣椒给你瞎做。对了！他家毛血旺特好吃！还有泉水牛蛙！想起来了。。。流口水了。。0。0
"
"1879615","我们经常去他家吃火锅，火锅的味道很不错哦！菜的份量也很足。我们都很喜欢，不喜欢的是服务。服务员老是带着情绪上班，建议好好整顿一下。又想去吃火锅啦，什么时候开业啊！
"
"1879615","价格还行，店是在老楼里，不怎么新。去了两个人，要了酸汤肥牛、蓝莓山药、狮子头和酸辣粉。
价格适中，可刷卡
停车地较少。还行吧
蓝莓山药不好吃
那个肥牛，里面的辣椒真地道，辣死了
"
"1879615","恩，每天上班都路过，之前一直在装修，上周五终于去吃了一回，两个人点了三个菜，比较正宗的川菜，干锅很好吃，虽然中间吃出了头发，很爽快换了，而且是换了新的才撤走旧的，不能刷卡，价格中等，不便宜，菜品不错~~可惜手机丢了不然还能放图片~~
"
"1879615","不错的川菜。挺地道的。吃了还想吃。可惜十一以后去了一次，赶上他家装修。没吃成。不知道什么时候装好。开张一定再吃一次。
"
"1879615","我们是朋友生日去的，这里的炒菜不错很好吃，他家还有火锅很地道，我们是晚上去的，人很多，服务员很热情，有个别的服务员用另外的眼神看我们，好像很不高兴，建议培训一下，推鉴菜小炒肉，现在他家在装修，只有等装修完了再去。
"
"1883245","好友雪儿今天照婚纱照，下午我跟LG去西单找她们，本来是准备学习学习的，不过怕去的太早影响到他们，就在西单这边转悠了一圈，于是跑到这里来小坐一会儿。
玛其哈朵，玻璃杯看着很别致，味道也还不错，咖啡浓郁的香味配上绵软的泡沫，很惬意。
冰拿铁，味道很淡，可能因为加了很多冰块的原因吧，奶味重，咖啡味几乎没有了，喝着像牛奶加冰水。
"
"1883245","又买了一杯淡咖啡
求求自己长点记性吧~！
"
"1883245","从真功夫出来直接进了这家店，红色砖墙，绿色铁艺坐椅，小木桌，店面小小的，很局促，窗外不是人山人海的商场就是悉悉嚷嚷的大街。这里决不是独自一人消磨时间的好选择，所以要杯焦糖冰拿铁，歇歇脚马上走人。淡而无味的咖啡让我对这家店更是没有一丝留恋，戴好墨镜，冲入人群，也许只有这样才是把自已藏起来的最好方法。
"
"1883245","这家店很安静，人很少，翻翻杂志挺不错，口感跟秀水那家店差不错，但是椅子很不舒服，太小了。
"
"1883245","在西单等人时来这里喝咖啡，店面不大，服务员态度一般，环境还可以，很适合聊天。个人感觉咖啡味道不如星巴克。
"
"1883245","小小的一家店，坐在落地玻璃窗前，可以看到西单来来往往的人群，适合下午来kill time~~~
"
"1883245","本来也只是因为等人为消磨时间而进去的．对咖啡感情一般，所以点了柚子茶也去火，捧着本小说待了一个小时，期间没有任何人打扰我，服务员是个漂亮的女孩，没有看到奇怪的大妈啊，话说柚子茶真的很甜啊，不推荐．人不多，环境很好
"
"1883245","多少年没见过这种服务了，今天中午8，9个同事在西单吃饭出来，发现下大雨，于是进了这家店避雨，店里很空，没别的客人，我们本来想呆会儿就走，所以一共只点了2杯咖啡，结果一位头发花白的店员阿姨冲上来冲我们就吼，说我们这里是消费区，你们多少人就点2份，还好意思在这里呆着，这不是给你们聊天的什么的，我们同事还有从别的城市过来出差的，让我们北京的都特别没面子
"
"1883245","在西单想找个清净的地方还挺不容易的，坐在靠近窗口的位置可以看见人来人往，坐在里面的位置可以清净的聊聊天。
咖啡什么的反倒不重要了
"
"1883245","每个礼拜5个工作日，至少有三个午休是在这里泡过去的
服务员都认识我了，每次几乎都不用我开口，就知道我要什么了
咖啡不用糖和奶，冰沙不要奶油花...总之，对我的要求恨不得比我自己都清楚
咖啡一般我只喝美式，所以也谈不上作的水平问题，各家味道都差不多，属于偏淡的黑咖啡。或者在天气热的时候，一般都要摩卡冰沙，做的不错，巧克力酱放的比较多，冰沙磨得也比较细致（不知道是不是因为照顾熟客，因为我头几次去的时候，冰沙里都是大冰块，根本没法喝...）
挺方便的，在西单逛累了去歇歇，挺不错
"
"1883245","疲惫的我急需找个地方小憩一会儿，环境还算可以，座位有些急促，人也不算少。价格不贵，咖啡的味道不是很浓郁。太渴了也没有细细品位，又要了一杯冰的，觉得有些冰渣儿。总的来说，还算可以。
"
"1883245","我是个很喜欢喝花式咖啡的人，最爱拿铁。所以很挑剔。星巴克真的让我很失望。不过SPR的拿铁还是很不错的，卖相和口感都比较喜欢。西单这家位置不错，每次逛累了，坐在里面看着外面人来人往，很难得的享受片刻的宁静。
"
"1883245","这家店的人特别的差，有一次下雨，我和同事吃饭回来想进去坐一会，要了2杯拿铁，有一个貌似老板娘的老太太，不让我们拿餐巾纸，也不让拿糖，说他们都给配好了，不能自己取用，然后就要赶我们出去，话说得特别的难听，简直是让人无语了。劝大家都别去了，简直就是让人太不爽了。
"
"1883245","中午只要有空,就要把PAPA约出来坐一坐
由于上岛已被铲为平地
这里变成了我们小聚的场所
屋子不是很大
但是能有个我们""放肆""的空间,已经很满足了
就是希望老板能给我们办个VIP
以后能有折扣
毕竟俺们也是老主顾了
"
"1883245","我和闺蜜最近爱上了咖啡，我爱摩卡，她爱拿铁。
夏日里逛街诳室渴的不成，我俩直冲进SPR，依旧摩卡，拿铁。。
有点让人失望。。两种都不好。失望。。。
"
"1883245","突然想起了你，在遥远的异地，
  夜降临的时刻，空气中弥漫的滋味，让我的情绪在瞬间积聚，很快地，就要决堤~
    千里之外，心却和你如此靠近，
   也许，此刻的你，奔走的夜色中，聆听着风的低语，
   她们没有告诉你么？那是我，悄悄寄出的思念，轻轻梢去的情谊~
      眷恋着灯光，一切一切的光影，
   思慕着醇香，一点一滴的沉迷，
   没有了你，手中的咖啡，只是清苦，只是平淡；
   没有了你，耳畔的声音，只是朦胧，只是空虚；
   如此，而已。。。
   
   可是，我终将离去，
   你却依旧，徘徊原地。
   看着深邃的星空，
   把最亮的一颗，给你，
   倚靠苍翠的大树，
   采撷最真的思绪，化作一片叶子，
   停留在，你前行的路上，你永远忙碌的脚步里。。。
"
"1883245","也就是走累了坐着歇会的地方
在商场入口处,感觉太闹,不适合长坐,应该在隔音和桌椅舒服度上下下功夫
"
"1883245","感觉是个比星巴克更好的地方。以后歇脚或打磨时间会来这里。
环境是我喜欢的休闲放松的风格，木制和墨绿的搭配。性价比比星巴克高，摩卡冰沙打得非常细，如果时间允许，翻翻杂志或带个笔记本上网可以在这里呆上一天。就是椅子小点，沙发再多些就好了。
"
"1883245","踌躇了半天还是走了进来！店面不大，灯光幽暗，要了冰咖啡坐在了临街的窗边，开始了我最愿意干的事情，看大街上来往的陌生人
咖啡的味道马马虎虎，没要别的所以也只能说这么多
"
"1883245","这里的咖啡不错，重要的是点心很好吃
非常值得一提的就是街景。SPR每家都是落地大窗，在这里看西单的街景很有感觉。
还有就是可以定制生日蛋糕，非常赞。师傅的手艺很好，可以把自己的想法表现得淋漓尽致，而且也超级好吃。
"
"1883245","这家店真的很低调
这条街来来回回走过了好多次
但是以前好像从没注意到它的存在
我对咖啡没有太深刻的鉴赏力
点了最普通的一种
但是做咖啡的师傅实在是太有趣了
胖胖的，围着白围裙，像漫画里的厨师一样
送咖啡的时候慢悠悠一摇一晃地踱过来
特别有喜感~
但是整个屋子黑乎乎的
显得很冷清，没什么人气
桌椅感觉也是旧旧的
"
"1883245","和楼下的感觉一样，一进去以后觉得烟味好大，可惜这里不分无烟区。
约了朋友请教问题，环境还算不错，是个可以聊东西的地方，人不算多。
朋友点了卡普奇诺，我就点了美式咖啡。
味道没有多么的特殊。这种地方也就是喝环境吧。
"
"1883245","我很喜欢SPR 我和我丈夫就是在SPR认识的 所以每次看到都会进去喝一杯 这家~~很一般 咖啡是个年纪很大的阿姨做的 店里有一点点乱~~~味道也很一般 在店里喝居然上的还是打包的杯子 不过服务态度还不错~~
"
"1883245","不懂咖啡，不喝咖啡，只是喝茶，逛累了有个休息的地方，很好很好！恬静隐于嘈杂。大隐隐于市。即使地方不大。烟灰缸咖啡渣垫底，香香的。
"
"1883245","晚上小小的店，人不多~~~一桌大声说话的北欧女人，一桌打扮日韩却讲着完全没听过的话的小屁孩，还有明信片铺满台子、奋笔疾书的我~~~~哈哈~~~~
在黄黄的灯下，写写想想，吃吃喝喝~~~对，又是晚上，又很有sense，又很会长肉~~~曾经我必喝拿铁，现在限期人家太奶，换卡布奇诺，卡卡卡，从二分之一降到三分之一~~~其实，我觉得这种coffee shop的咖啡都不会差太多，特别是拿铁、卡布奇诺这种加了很多奶的~~~~所以，大杯，热热的，有奶泡，感觉就不错~~~~至于焦糖冰拿铁，冰的嘛，味道到后来难免有些淡~~我还是喜欢热的~~~
不得不提这里的蛋糕。。。。。虽然就尝试了咖啡卷，不过可以看出，这里的蛋糕非常不怎么样。。。。。卷边上的干干蛋糕还可以随便吃吃，里面的奶油就腻的可怕了。。。不好吃。。。
"
"1883245","真是惭愧，最早喝的咖啡，最后才想起来点评&&
其实最先开始接触SPR是在朝阳园的那家店，但是没过多久那家店就停业了，现在已经开始转让了。
西单这家也只是偶尔进去的，本来还是打算去星巴克的，可鉴于实在是走不动了，就干脆拐弯进了这里。
迎面而来的是很熟悉的味道，还是最喜欢她家的焦糖拿铁，每次都要一大杯，啊，喜欢甜的~~
"
"1883245","西单附近唯数不多可以坐下上上网，跟朋友静静聊聊天的地方。
二楼的坐位舒服一些，但鉴于西单及商场的地理位置，人流涌动，相对吵了一些。
"
"1883245","真不觉得这里能和星巴克比，咖啡做得乱七八糟，点了最简单的卡布奇诺，喝到的味道几次都比较怪。吸烟区和无烟区不分，星巴克里好像就没有人吸烟，我感觉这里还可以的是因为买酒~~以后再去别的分店试试看
"
"1883245","就是很一般的小店，即使在西单人流量这么大的地方，也没几个客人
店里很幽暗，和星巴克的感觉差不多，也分吸烟区和非吸烟区
"
"1883245","咖啡和茶的价格和星巴克的差不了太多
但是我觉得环境不太好
最主要的是我觉得店里面刚进去有一股味道= =
可能我有点对气味敏感
虽然鸭子超爱他家的茶（玫瑰的）
可我觉得很一般
总体感觉一般
但是有个男服务员特可爱～～～（无视我吧= =+++）
"
"1883245","虽然经常看到SPR，不会还是经常惠顾星巴克
昨天跟团宝正准备坐车回去的时候，正想喝东西，看到SPR就进去准备一试~
首先，第一印象就不太好，进去后烟味很大，人不多也就4桌左右吧，可是乌烟瘴气的
其次，点单的服务员状态很是奇怪，爱理不理的
最后，点的是焦糖卡布，咖啡味道还可以，过得去~
其实就是吃不下什么了，看到还有很多小点心没点，没肚子吃了。。。
但是这第一次的SPR之行感觉不是很好。。。
"
"1883245","在北京分店不能算多，也不能算少，至少在最繁华的西单就有一家，对我来说，最好喝的咖啡是星巴克的，这里的价格和味道、环境，其实都和星巴克差不多，现在有点咖啡送矿泉水的活动，星巴克的小食品就从来没吃过，这里的也是从来没吃过，一直都很想尝尝，虽然大多数人熟识的都是星巴克，但是据说spr在中国的分店比星巴克多，已经有400家了&&真是让人很感慨啊&&咖啡对于我来说，曾经是不可缺少的东西，现在慢慢的无所谓了，不过偶尔来咖啡厅喝上一杯，真的是很舒心吧
"
"1883245","只坐最里面的沙发坐~每次都是
有人的话我也要等~呼呼。。没有starbacks的吵闹~工作气息那么浓重。
时间不经意过个3-4个小时都是正常的说呢。。舒服，很放松~不会吵的不会闹的，尤其是在西单这种乱乱的环境下。
支持一下，某些时候口味不一定那么重要~环境好最好了
"
"1883245","装修风格和星巴克一样，属于那种只能小坐，不能常坐的地方，说老实话，地方太小了，以至于每个人都挨的比较近，谈话内容都能听的到，隔壁座位上抽着烟，自己都觉得呛，不明白为什么生意这么好？
"
"1883245","二楼俯瞰美女不错，喜欢奇异果汁或者黑咖啡二楼俯瞰美女不错，喜欢奇异果汁或者黑咖啡二楼俯瞰美女不错，喜欢奇异果汁或者黑咖啡
"
"1883902","不喜欢闹哄哄B2入口那家店
这里人少很多
新推出的抹茶黑莓星冰乐，微苦的抹茶配上酸酸的黑莓果粒，还伴有丝丝奶油味~~ 和DQ的秀身有相似之处，不同在于这个基本上自己可以独立完成(*^__^*) 
哈 终于到了月饼节，记得第一次这么迷恋此物是刚到英国那一年，想家的思绪全转移到月饼上了... 赶上chinese union聚会，我干掉了7个大五仁的1/4角，香！
回来后，五仁根本不能再入我的眼了哈 各式的广式、台湾、冰激凌月饼眼花缭乱心花怒放的~~
新推出的星语系列：
拿铁芝士黑加仑、摩卡养生芝士、抹茶牛奶榛果、芒果芝士蔓越苺。。。名字个个让人想入非非~~
建议分开品味，否则容易导致记忆穿插、混淆现象 >_<
8过呢那个黑加仑印象极为深刻，咖啡、芝士组合却又加上略酸甜的黑加仑，很精彩~
"
"1883902","经统计，星巴克45家北京店我还有17家未扫平，数量稍微超过我的潜意识预期。这家我觉得是东广星巴克最好的：比一楼那家人少、比地下铁层那家像样。平台层人来人往少，落座的都是在这儿上班的、一贯喝cafe的，以及他们约来的、有可能一贯不喝咖啡的。屋外有几张桌子，是禁烟星巴克之解放区这么一看，格局倒像了lamborghini林宝坚尼cafe。而往里延伸得比较深、比较窄，又有点类似第五大道那家。吃的就不说了，反正我那天是香草星冰乐这里涂抹着厚厚奶油的，就是咖啡、香草、巧克力、焦糖四种星冰乐。本人无奶油不欢，同时不喝咖啡、且经不起焦糖那重味，所以喝了上百杯星巴克，其实就是香草星冰乐、巧克力星冰乐这两种。
"
"1883902","这家店算不上风景最好的 但是还不错 都是一样的东西 比较喜欢后海的那家店 有情调 星冰乐 还有磨卡 都是自己最喜欢的
"
"1883902","哈~看到小q的评论，才想起来星巴克也是可以评的！
这家的确是我最喜欢的一家，在公司楼下，每次有人来找我，不是在麦当劳等就是在这里等。这家的功用好多耶，可以解暑/解渴，可以吃中饭（不饿的时候），可以等人，可以和上司谈心o__o！当然，还有人来这里谈公事的，因为人很少私密性很好。另外还可以看看周围写字楼里面进出的美女，品头论足一番~哈~可爱的星巴克呀~要是再便宜些就好了~
说回正题：我喝咖啡胃疼，但极喜欢星冰乐！这里的曲奇很好吃，奶酪蛋糕有些硬，不过味道还好。
"
"1883902","这家店很隐秘，所以人不是很多，环境比东方新天地那家好多了。今天和客户去的，谈事儿也没顾上细品咖啡，点的每日特饮，真的很好喝。超赞！！
"
"1883902","星巴克作为咖啡快餐文化的典范。其对于咖啡选择和制作工艺都是比较值得信任和成熟的，他们的企业文化是为客人营造第三生活空间。
我一直喝当日咖啡（本日咖啡，是原味咖啡或黑咖啡），以此品尝不同种类/地区的咖啡风味，咖啡分为香/ 淳/ 酸/ 苦等几种基础味觉。推荐星巴克首选/ 优肯综合 / 苏门达腊等。
花式咖啡则是在原味咖啡基础上，配以奶油、糖品等调和而成。常见的包括摩卡/卡布其诺，星巴克星冰乐系列是夏天的首选。他们定期推出特色花式咖啡如以前推过的南瓜拿铁等。
我喜欢宁静致远的感觉，在安静看书、写作是挺舒服的事。转眼，来这家咖啡店已经一年半了。靠窗沙发，熟悉的座位，熟客与店员之间的默契，每次一到就会为我制作小杯当日或冰摇。
"
"1883902","经常帮助单位订餐就近就是这里～早饭吃腻了M和subway也可以这里～烤箱烤烤巨香！暖暖呵呵的三明治芝士都微微的化了一点点了～爱！
"
"1883902","这个店很小，人总是很多，咖啡店和酒吧不同，人多感到拥挤就没了静谧的氛围，主要是附近也是外企林立，老外和白领聚集，对这种环境的需求很大；不过在这个店的室外坐坐很不错，虽然视野不很广阔，但是附近的环境很精致，有身处欧洲的感觉，总体来说，我很喜欢这个STARBUCKS。
"
"1883902","来这儿一定提喝咖啡了,不知为什么,这儿的卡布有点淡,没什么味道,有点像速溶的
"
"1883902","东方广场的店里我喜欢这家，相对清静一些。也有很多人来这里谈公事。
"
"1883902","绿茶星冰乐 加一份浓缩咖啡 我最牵挂...
老公的摩卡...思念
"
"1883902","这家店的位置不错，非常的幽静，非常适合谈话或者朋友相聚。不像楼下那个，地方有点小，人多的时候感觉很吵闹。
"
"1883902","给好友送化妆品，相约在了这里。环境果如cutemoon所言，比起楼下的总店自是好了很多。感觉很类似于林家，比较多的借着地势占据了户外，又因为有上面的楼体给挡着，所以很是凉爽。
要了抹茶和香蕉奶香外加CHEESE CAKE和水果沙拉，在户外舒舒服服的聊天，加上欣赏过往的帅哥美女，惬意的很！
P.S：再次碰上了BB，这次估计是一个西班牙或者葡萄牙语国家的BB，非常的可爱！在我的招呼下，小心翼翼的靠近了我，用天真无邪的眼睛看着我。小天使哦~~~最后，在母亲的招呼下，跟我BYEBYE了。可爱的说~~~~
"
"1883902","这两天连着去了两次，离公司倒是很近~~~
呵呵，主要是这两天去公司的次数和频率比较的多~~~
环境不错，人少，上上网，聊聊天，蛮不错的~~~
24号傍晚在这儿上网查晚饭的地方，红茶喝了一半就匆匆离去。。。。。。
马上就是元旦了，抽时间还会再去休闲一下的~~~
"
"1883902","所有我曾去过的星巴克中，最最喜欢这一家。特别是在午饭时间，来这里要一份水果盒，很是清爽。或者下午偷跑出来下午茶，可以坐在外面的小桌上，好惬意，要是椅子能再软些就更好了。店内的沙发不是很舒服，太矮了，靠背也不太合身。关于饼干，曾经万分迷恋的黑白曲奇（巧克力和牛奶的），10元5个，现在已不比过去的香腻了。
"
"1883902","地方小人比较多，找坐的地方有时候费劲
咖啡还凑合
个人不太喜欢有酸味的感觉
08.1.8
时间过的真快，总理逝世都32年了，当年觉得特别遥远的四个现代化也都实现了，连刚毕业就在申请的奥运今年都要开了.......
橙汁18元/瓶－原来的NFC果汁口感很不错，但保存条件要求很苛刻，现在都改成瓶装的，不喝咖啡的时候我还是会选果汁。
"
"1883902","我觉得比较隐蔽的店，估计藏在写字楼里，也有它的好处，来的白领或是谈工作的比较多吧~或是点个外卖，似乎很方便的样子。
记得袁泉唱的《一个人喝着拿铁》，宿舍的一个女生拼命问这是什么铁？我倒&&
我倒是很喜欢拿铁，所以每次都拿着铁。
圣诞着实过去了，虽然东方新天地里仍旧放着圣诞歌曲，但星巴克的圣诞装的杯已经卖光光了，只是普通的白色，没感觉&&
点了外卖，和SW姐在建行排队，前面就10个人，等了得有半个多小时，结果办业务有两分钟吗？不过有星巴克的拿铁陪伴，窗外的阳光晒进来好舒服~
"
"1883902","环境是好的，心情也是好的~
每天生活中新鲜的事情总是让人激动
生活的乐趣也就在于它的未知性，没有人知道明天会发生什么~
一切随兴就好~
没有楼下的纷扰嘈杂，少了人来人往的热闹场景，服务员也乐得清静~
刚才喝了HGD的黑咖啡，现在想喝杯牛奶，心里盘算着，它们到肚子里以后也就变成卡布其诺了吧~
"
"1883902","这家店开得虽然晚，但是生意一样好，在东方新天地里的店，好像生意都不错，有钱人多啊。
这家店就是不要想吃自己带的东西，我们曾经买了这店里咖啡向吃自己买的贝尔多爸爸泡芙，被店员说了。讨厌讨厌！
"
"1883902","有时候来这里买杯拿铁解决早餐的问题 地方不大 不过人不太多 跟西区那个星巴克一比清净多了 也许是我喜欢这里的原因之一吧 而且离公司巨近 可以时不常溜出来卖点东西喝
"
"1883902","来过几次，在写字楼中比较幽静，来这里的都是小憩享受的，可以惬意一下。冬天了，很温暖。
说到喝的东西 。tea latte太甜了，豆奶比较淡。如此。。
"
"1883902","终于找到传说中的这家店了，晚上约了朋友来，坐着聊了很久，不错。人很少，一直只有我们一桌人。。。。。。。
以后还会来，不知道营业时间是到几点
^_^，刚问了，9点
"
"1883902","简直太喜欢,闻到了就走不动道了,只好去喝一杯.正好也歇歇脚.只是服务员都太牛了,英语说的叽哩哇啦的.
"
"1883902","咖啡。。。不知道好坏，反正能喝
我喜欢不苦的，所以这里的我只能够喝焦糖啊，巧克力啊，奶油的。。。
不然要倒很多包糖
"
"1883902","白的黑夜
黑的白天
我的时间在黑与白之间
白的雨
黑的夜
我等的人在黑与白之间
感性是白
理性是黑
我的决定在黑与白之间
不是黑
就是白
这是我的颜色
我的选择
"
"1883902","那个味道就像一个磁铁牢牢地吸引我 环境好棒
"
"1883902","上班累了就到楼下的这家星巴克坐坐，这里一般都是E座办公楼的白领。环境很幽雅，基本很少能抢到沙发的位置。就只这点比较郁闷，喝着咖啡看着E座平台上流动的汽车和一个个忙碌的身影自己却在享受咖啡感觉十分惬意。
"
"1883902","我觉得在东方的店里我最喜欢这家，比地下那家强多了，没有那么多人，而且服务员的态度也比地下的强多了。我最喜欢的是大杯摩卡星冰乐，跟服务员说做得甜一点儿很好喝，逛街累了，是个不错休息的地方。新出的桂花不太喜欢。
"
"1883902","环境一般，人还是比较多，坐在玻璃墙边视野也不好，不像在其他店里可以一坐一下午。
"
"1883902","与友人找个咖啡馆相约一起共叙佳话，经过路飞同志点醒发现原来星巴克卡也是会积分清零的，鉴于星享卡需要积分并且还有优惠券一张，加上新天地会员卡可积分换停车券，又无聊的选择星巴克了&&
这家店在天空大道层，从安永那边扶梯上楼东田对面即可。
进店，问询了卡内还残存券否，小哥答曰买1免1，跟记忆中的那张对不上号啊&&不管了，先找地歇下再说！点了：
【杏仁豆奶拿铁】34米/特大 豆奶底果然低调许多，甜度下降到即使加了杏仁糖浆也不算浓郁。拿铁，豆奶的，准没错！
【脱脂摩卡星冰乐】36米/特大 可可粉过多咖啡味全无，而且不知为何爆甜无比。上层冰沙也没打开，要照着标准做啊&&！
刚过中午饭时间的这家星巴克店内几乎没人，倒是躲在公寓立柱廊下的几个露天座颇受欢迎，桌子大，藤椅舒适，阳光明媚，颇为惬意上网本在手的严肃认真办公的、父母带着闺女写作业的、两两相聚聊天开怀的，自有一番悠闲。店内照例标准配置，只有沙发座和小圆桌，好像少了半沙发座这种配备？店内冷气颇足，听到不少抱怨，只得开门换换潮乎乎的热气。WIFI中国移动提供，无需担心网速，这个不错。店内无厕所，需远行公寓找寻，不太方便。天空层时常有车冷不丁从身后低调滑过，还是从安永扶梯上来比较安全。
服务嘛新来的姑娘有些腼腆，一直在的小哥倒是态度诚恳，但打单好多错误啊：中杯的价格卖了特大，优惠券应该是三免一而不是一免一，减钱应该减便宜拿铁的不是减贵的摩卡，额外糖浆没有打入账单&&这一连串的错误犯下来，本掏出75块钱结果推回25块钱，又找回25，不明就里的拿回零钱，一边挠头一遍想：25块钱两杯特大！这是什么情况？看了小票才发现问题所在，业务要熟练啊！不过店员们收拾东西够快，轻声细语，气氛不错。
是个比地铁层那家环境好多了的星巴克。
p：
这家店没有超值甜点【马卡隆】（6米），还是整个华北区都没有？此外，沙拉、帕尼尼、三明治、甜点也比别的店铺少很多种类。
"
"1883902","和朋友聊天，自己看书休闲的好地方。咖啡的口味也正，服务也不错，就是地方似乎有些拥挤。没办法，人太多了
"
"1883902","逛累了就在里面坐坐
是个很不错的歇脚的地方
"
"1883902","星巴克的环境很不错，感觉很好，口味当然也没得说了！没事去小资一下也不错！
"
"1883902","挺小资的地方，不大，感觉不错。咖啡味道还好啦，蛋糕不错。还是觉得雕刻时光更有意思。
"
"1883902","喜欢这家店的感觉，逛街之后　一个不错的好去处
"
"1883902","在东方新天地的指示牌上 这家店叫 天空大道店 晕 稍微有点难找 从外面喷泉那上去比从地下的店里上去方便好找 这没什么人 环境显得就情净幽雅很多了.而且穿过旁边酒店的水池 感觉还不错.
对这印象最好的是BF和我晚上来过 第2天早上BF打电话给我说钱包丢了 我猜可能是掉到这了 所以打电话去查 总公司说人没有叫天空大道店的...说了半天才说明白是哪家 所以这还是不叫天空大道为好...然后打电话过去 抱着试试的心态 结果是个年轻的男店员接的 说捡到了 您过来拿吧!我的个天 居然还没丢...要不是那顾客少 估计早就没戏了 后来BF去拿钱包的时候 给店员钱酬谢 人家誓死也不要 说告诉名字 跟公司说下 也不说名字 也不给看名牌儿.真是很不错啊.而且据说是隔天早上捡到的.......那钱包居然在那躺了一宿= =
强烈表扬一下星巴克员工!!!!!!!!
"
"1883902","路过了，怎能放弃她，
 挚爱着的，咖啡+室外+阳光+ 甜点的惩罚。
 短暂的邂逅，并不代表不能在心底，萌发爱的浅芽，
 长久的厮守，并不暗示不能在征途，播撒爱的彩霞，
 你愿意和我分享，这一刻的美好，足矣。
 你甘愿尝试甜蜜中些微的辣，
 你无法拒绝咖啡or可可or 它们混合的模样+滋味，
 你贪恋纯咖啡的苦涩，在舌尖，衍生出新奇的味觉之花。
 有我陪着你，一路走天涯。
"
"1883902","继续点评，继续捐。
一直觉得星巴克这么普及的地方，用不着点评。为了捐积分。
这家是最常去的一家星巴克了。因为东方新天地里面的那家常常客满，于是就有一次跟bf发现了这家。写字楼深处，周末的话就比较清静。
对他家的咖啡品种倒是没有什么偏好，点心也说不上很好吃，每次去了就是随便点点儿什么。通常会是冰摩卡或者卡布奇诺，有新品推荐的时候就会试试。
其实我至今都不知道星巴克的各个品种中文叫什么名字。
这里其实也记录了我跟老公的若干故事。典型的星巴克气氛，常常让我觉得暧昧。
"
"1883902","楼下的两家星巴克竟然都没点评过&&这就是传说中的盲区么？眼皮底下的反而不注意~
正如前人所述，东边这家位置相对隐蔽：在天空大道的平台层，所以逛商场的人一般不会路过
可附近写字楼的人口密度注定了这家店客人也不会少，而咖啡店的客人又不同于M和K，占着座位的人通常是决计不肯迅速喝完咖灰走人的
好在咱们离得近，通常都是外带~自带随身杯还能省钱~
对偶来说通常Tall足以虽然Tall是最不经济的，无奈Grande和Venti实在喝不完...败家啊~
个人的标准配置是豆奶黑樱桃摩卡：摩卡+黑樱桃糖浆，摩卡里的牛奶换成豆奶，奶油花也可以不要
同样的配置，东边这家做得就是比西边的好，不知何故...而焦糖玛奇朵则是西边的好些...
"
"1883902","等那个男人的时侯，都会选择这家店：从他的窗口就可以看见我
常常一杯拿铁坐上一个小时，慢慢的看人来人往，慢慢的等我的那一份愉悦...
服务员很亲切，不经意间总能看到他们暖暖的笑容
唯一的缺陷：不带卫生间
"
"1883902","我们的老板，不在星巴克里，就在去星巴克的路上。。。
这家比楼下的关门时间要早些，因为主要目标是写字楼，另外就是上洗手间不方便。。。
"
"1883902","很一般的一家星巴克店。因为位置好，似乎从来不愁生意。店内空间不大显得拥挤，我们常去的还是门口的露天座。
只是到了冬天，坐外边就太冷了，呵呵。
"
"1883902","这家新开不久吧。因为在东方新天地的屈臣氏买超过200元的东西送一张这里的买一送一的优惠券，恰巧有朋友要喝咖啡，就来了。
比起其他星巴克，这里人很少，还行。进来坐一会儿总不至于难受和烦躁。可是旁边人在大声讲电话，很讨厌啊。
发现刷广发卡都可以买一送一的。可是谁会有广发卡呢？
"
"1883902","最喜欢这家。。各种理由。服务态度非常亲切。真诚。东西给的也比较实惠。除了人多的时候比较乱。总体比较好。
还老看见明星什么的。很不错。。就是没有卫生间。要去写字楼。
"
"1883902","喜欢咖啡店的感觉，象是种情节。享受唇齿间的留香，迷离的望着窗外的人景，物景，浮想悠然而生。。。这种情节在新天地体会不到，身边来回穿梭的人流，嘈杂的卖场，或许作为歇脚碰面的地方更为合适！
"
"1883902","我不知道这里算不算北京最火的星巴克啊，反正什么时候去什么时候差不多都坐满了，真吓人。就算早上8点多去，也坐了一半，这都是干啥啊。
主要是因为他家的离地位置吧，在热闹的王府井地铁站，往东方广场出口一上来就是，不管是约会等人的，挤地铁上来的，东方广场里上班的，逛新天地逛累了的，都会来这里，这人气，就连店外面那些在新天地过道上的座位，吃饭时间都是一座难求，哇咔咔。
相比之下，东边那座里面的星巴克就会好多了，环境比这里清静，只有东方广场里的上班族，才经常去那里，一般逛街的人在新天地里看不到那家的门口，也就不知道了。
这里的环境是比较喧闹一些了，旁边都是人来人往的交通要到，加上排队打电话的人，盖过音乐声聊天的人，咖啡机的轰鸣声，中午时段这里的环境和东头那家麦当劳有一拼。不过其他时段还好，尤其是早上。
虽然环境有点嘈杂，不过食物和咖啡还是很好的。首先说，这里是比较重要的店面吧，所以食物的种类和数量基本都是充足供应的，像其他不太popular的店里面有时会没有的东西，这里基本上都有的，种类比较全。
先说咖啡吧，我一般只喝美式和当日（就是官方名称新鲜调制咖啡的），这两种最能代表一家咖啡店的水准。当日里我最喜欢危地马拉，不过想赶上忒难了，毕竟两周就换一次当日咖啡的原料，还好门口就有卖各种当日咖啡的咖啡豆。不太喜欢的是他家的Anniversary周年庆祝和现在正供应的Christmas。其他的基本上都还可以吧，没啥特别惊艳的。这个都是依个人口味了，我仅代表自己的建议。
拿铁比较淡，就像在喝牛奶一样，想喝的话自己买些牛奶，再滴上两滴咖啡就差不多了。
各种玛奇朵味道不错，就是本人不太喜欢偏甜的咖啡，喝到后来会觉得腻腻的想喝水。卡布奇诺也是这种类型的，只是不那么甜。星冰乐就从来没让我乐起来过。
再说说食物。基本上就是三明治，muffin，scone，蛋糕，cookie，各种馅料面包和可颂，还有零食和果汁等等。
三明治推荐金枪鱼三明治和鸡肉panini吧，我就觉得这两种还行，其他的都不想再吃一遍了。
Muffin推荐黑森林的，提子的和全麦核桃的，反正都长的差不多就奉一张照片了。黑森林的实在不上相，像一坨废铁，影响读者食欲哈，就不传了。Muffin看起来不大，可是每次我吃完都觉得很饱艾。
Scone（司康）是他家的一大特色，我觉得比别处的都要好，本人比较喜欢提子的或者苹果的。最好是让店员帮你热一下，这样效果最好，酥酥的。
Cookie类比较喜欢芝麻软饼，提子的和巧克力的都不如芝麻的做得好，怪了。
其他的面包和蛋糕都觉得中规中矩的，没啥非凡的体验，如果想一次吃个饱，他家旁边不就是面包新语和巴黎贝甜吗，还不如去那两家专做糕点的地方吃一下。
哦对了，关于座位，他家只有三处沙发坐，其他全是硬木座。那三处沙发座经常被准备在这里过冬的顾客们，和泡网的网友们坐着，基本上属于非常耐心之人。
综上就是这家的大概情况了，可以用麻雀虽小，五脏俱全来形容，五脏里很热闹呢。服务不错，都笑容可掬的。
"
"1883902","星巴克就是口味稳定呗，这个店没有沙发了...头一次在星巴克喝依云，是冰的。奶酪和咖啡奶酪都比较甜。有水果杯可以均衡饮食。
"
"1883902","来个大杯的美式咖啡，感觉不是小杯慢品那样奢侈，
冬天喝热的咖啡，加袋糖盒牛奶，慢慢搅享受温暖的感觉，
夏天喝杯星冰乐，那叫一个爽，分量刚够，哈哈&&
繁华过后，喜欢安静的氛围
"
"1883902","我在星巴克好像喝的最多的是星冰乐，星冰乐当中喝的次数最多的是巧克力星冰乐，除此以外，好像只喝过当日咖啡和卡布其诺的，感觉是闻着比喝着更香。
"
"1883902","每次路过都要进去看看有没有新杯子..最近换了LOGO..老公就喜欢带巧克力碎片的星冰乐,我喜欢橙子口味咖啡..不过最近生病了..不能喝咖啡了..
"
"1883902","服务很好~因为这里环境很好~可能都是写字楼的人~~大人物也很多哦~比楼下好的多的多的多~一般来这里~小坐一会来杯咖啡~只要不被老板发现
"
"1883902","相比地下那家这家没那么多人，不过平时来的话还是基本满座的。
wifi信号很好，在东2楼门口依然可以搜到的。
想来买圣诞杯子的，结果卖完了""""""""""""
"
"1883902","很幽静啊~楼下的星巴克太嘈杂了，又很窄，天气好的时候请好友来这里喝杯露天咖啡很不错，喝完去楼下shopping!
"
"1883902","这家无线上网需要密码，就是小票上的号，不如中友的星巴克。
面积比较小，桌椅比较挤，也不如中友的星巴克。
因为是在东方新天地里面，没有独立卫生间。
"
"1883902","记得上大学的时候觉得和星巴克很奢侈，工作以后和星巴克已经成了家常便饭。店面虽然不大，但座位比西区的好像多一些。最喜欢星冰乐，好喝，夏天来一杯，那叫一个爽~~还喜欢抹茶拿铁，主要是喜欢抹茶的味道，很清新~~这里提供外卖，有的时候会选择在这里的解决午饭，味道还可以吧。这里交通便利，服务也还算周到，很喜欢~~
"
"1883902","这里很适合和朋友小聚
毕竟我是个不讨厌咖啡的人
星巴克的咖啡，感觉口味很纯正
不管你爱甜一点或者苦一点
你都能在这里找到适合你的
另外加的小糖包种类也很多
有时出差急需处理邮件
只要随身带着本本
这里给你提供免费上网的环境
很喜欢的
"
"1883902","这里环境很好, 比较静. 多半来吃早餐.
叫杯咖啡或英式红茶, 下午可来杯焦糖玛其朵, 加上一块蛋糕或SALAD.
夏天最爱芒果冰沙!!!
"
"1883902","经常去星巴克喝咖啡,不论是哪家店,发现都是中国人居多,老外充其量就两三个。经常看到一些人装模作样的拿着一个笔记本。它家的咖啡很香，比Costa的好喝。昨晚去这家店喝，本以为人会少些，没想到爆满，好不容易找到两个座位，先把衣服放在座位上占座，然后再买了两杯咖啡，我喝的是新品巧克力摩卡咖啡，咖啡很甜，很适合女孩子喝。朋友是位地道的很会喝咖啡的人士，喝的是鲜煮咖啡，不加任何调料。只是旁边的年青人太吵闹了，大声的说话，无所顾及。
"
"1883902","晚上嗖嗖的小风 吹得我快透心凉了 刚在地下吃完木瓜味的优芙丝 还没暖和过来就顶着风奔到了这里 
这个店真的很清静 只是沙发不多 但座位比东方新天地1店的要多 明显没那里嘈杂 但不知为何9点就要关门了 记得soho那里11店才关的
印象很深那个长得很可爱的MM 肤色很健康 很有亲和力 很冷 只想喝当日加点豆奶（最近新宠）但过了八点 已经没有了 
那来杯美式吧 她推荐道
好的 我说
那还是收你当日的钱她又加了一句 
心地多好的MM  然后告诉我 天冷 应该喝杯热的
简单的几句 之后也没有多聊 但让我像回家的感觉 虽然是第一次来 但打算以后常来了 很有感觉的店
"
"1883902","喜欢他们家的美式咖啡和拿铁，哈哈
而且还特喜欢加焦糖和奶油，哎，都是发胖的东西啊~~~
但是热的覆盖着奶油的拿铁喝起来真是美味呀~~~
"
"1883902","中午懒得走太远了，就顺便在这儿吃的午餐。感觉东西没有西区店的多。味道总体来说还不错。喜欢吃鲜虾金枪鱼汉堡和熏鸡肉沙拉。果汁也很纯正味道不错。就是没卫生间，还得跑去对面的大厦，有点儿不方便。环境很安静，适合看看书学习之类的
"
"1883902","当老公还不是老公，当约会还算不上约会的时候
就经常中午来这里坐坐，聊聊
当时的老公是把星巴克摩卡当午饭的人
每天必喝
我大多数时候都选latte
原味的，抹茶的，香橙的，榛果的&&
换了好多种
其实还是原味的最好
现在老公已不再强迫症一般依赖星巴克摩卡了
但我们还是常常去
熟悉的店面
熟悉的座位
熟悉的店员
老公钟爱的摩卡现在常选择用豆奶来做
别有一番风味
"
"1883902","常来这里买午餐。服务态度很好。
提供外卖。
都是附近上班的人来这里，据同事说我们放假他们也歇业呢。。。。。
"
"1883902","这家星巴克的位置的确比较隐蔽，第一次被朋友约了来这里还问了几个人才找到的
但是这也有好处，就是比较安静，适合上个网；谈个事什么的
"
"1883902","这家店在新天地的大厅里有露天位~不喜欢坐在里面沙发，那个沙发特别不舒服，跟桌子的高度很不搭。。。所以有时候就坐硬凳子~
每次都很喜欢喝抹茶星冰乐和cappuccino，但都很发胖~
而且喜欢奶泡~爱加榛子糖浆~基本不会买每日精选的15元杯，因为总感觉没有服务生挑出来的好喝~
这里经常可以看到时尚外国帅哥，特养眼，所以很是喜欢哈哈哈
"
"1883902","这家因为在东头的天空大道，所以人一直不会很多，还好多外国人，位置隐蔽，嘿嘿。所以出新杯子的时候在西头被抢光了，来这边决不会失望（当然了只是新品上来的一周内），好几次都是在这里补齐的，所以无条件地喜欢～～～
"
"1883902","简介说：对星巴克的态度向来有截然不同的两种，一是不以为然或深恶痛绝，恨不得驱之而后快；另一种是强烈依赖，一天不喝他家的咖啡，就跟霜打的茄子似的。我或许就是前者特不以为然的那种。
在北京这么多年，始终没有进过星巴克的大门，倒是特别喜欢开架的麦斯威尔特浓咖啡，哪怕是速溶咖啡，我都不认为它很廉价，毕竟它驯服了我的口味。
一进店我就不喜欢这里的味道，天热，看见冰字便得瑟起来，凉爽啊，我忘记那是苦苦的拿铁，你猜我喝第一口想起什么。好像有个小品里说咖啡是鸡 s h i t味的，鸡 s h i t我是没吃过，但自然而然就把这个比喻和我刚刚喝下口很不甜的咖啡联系再了一起。那一刻，我发誓我决定继续当个土人，继续过着不进星巴克的日子。
我的口味不适合品尝，我还是比较喜欢廉价的速溶。但这并不妨碍很多很多人继续喜欢在这里，或小资也好，或平常也好，我只知道，那还是一个我拒绝踏入的地方，不是强制，而是自然绝缘。
不过懂得星巴克的朋友都和我说，你应该点星冰乐&&可惜了，我没看见。露天位有抽烟的人，午后有点热。
PS:想起某年因为肯德基一次鸡贼的分量，我发誓我再也不去肯德基，应该有一年或是一年半了，我真的再没去过肯德基。
再PS: 土生土长的鸡 s h i t被屏蔽了。
"
"1883902","在东办公楼平台上，是公寓的底商，顾客通常是东办公楼的职员和公寓的租客。经常有聊天谈事，上网看报的，还有教中文学外语的。
美式黑咖啡非常经典，比公司茶水间咖啡粉煮出来的黑咖啡强得多，不用糖奶，就足够的可口，苦涩中包含着幽香。
由于工作原因，经常订购这里的外卖，黑咖啡用一种特制的绿色的方形塑料箱装，口味和温度能保持较长的时间不变，还有时候大多数人口味的素三明治，黄瓜与煮鸡蛋，夹在面包片中间，对角切作三角形，很受欢迎。
"
"1883902","酷爱喝卡布奇诺，每次闻到咖啡的浓香，我就再也拔不动腿了，点一杯卡布奇诺，望着店外人来人往，瞬间就忘记了处在这样一个繁忙的都市，好不悠哉。不过这儿人有点多，每次逛街来到这里都觉得有点小拥挤。感觉享受咖啡还是处在一种悠闲的状态中比较舒服，没有嘈杂，没有喧哗，只有轻柔的音乐，和着浓浓的咖啡香味&&
"
"1883902","这是个人觉得环境最好的一家SB
相对与世隔绝但又被无数公司白领占据的一块宝地
文昌兄曾陪我到此 千里迢迢只为一杯焦糖星冰乐
然后他一边数落我一边教唆我走进玛花纤体。。。
"
"1883902","周边环境是写字楼 白领最多
如果没有进来过时不太好找到这家的
有露天座位 室内装饰非常好看
但是服务员比较一般·
白天工作时间人相当多
旁晚以后人就很少啦
"
"1883902","地理位置好，客流量当然就比较多，里面位子不少却总是满满的，好在品质没有受到影响。最爱的还是摩卡~加上香香的奶油花，喜欢~
"
"1883902","地方很隐蔽，无意中发现的，顺便买了杯抹茶拿铁。太甜了，甜得都喝完有点恶心。不知道加了多少糖精，难倒他们没有正常的比例调配吗？以前经常在别的店喝，没有过这么甜的。这次在这点的杯，倒给我50块钱我都不喝了。
"
"1883902","店内的空间不大，环境普通，店外设有露天座位，一般去的话
只点美式中杯，足足的一大杯美式，足可以享受2个小时的光阴
不过店内没有洗手的地方，需要到对面一层
"
"1883902","下午路过，就要了一杯摩卡，其实是第一次喝星巴克的摩卡，以前都是星冰乐，
结果吧，好甜啊，这个巧克力很浓郁，以至于我喝完了到了饭点儿都没饿。
还是星冰乐吧，至少不会太甜。
"
"1883902","几乎全世界星巴克咖啡都是那个味道，坦白说每次看到这家店感觉到的是悲哀，每次需要来买咖啡，都是因为昨天加了班或者今天需要加班，真希望有一天我走进这家店是为了感受咖啡浓醇的香味，那是一种幸福。
"
"1883902","其实星巴克，从口味，环境和服务都没有什么好评价的。全球连锁的标准化经营，它不会差，也不能好到哪里去。
记得有一次带两个人进去谈事情，估计她们是第一次去，我说去替他们点咖啡，她们说：坐在这里就好了，店员不过来吗？后来需要挪动一下椅子，她们叫了服务员，结果服务员告诉她们：如果你想移动的话，自行移动一下可以容许，不过等下麻烦你给搬回去。这两个朋友一头雾水，这洋玩意儿花这么多钱来喝，居然是这样的服务，和她们的想象完全不一样，事后觉得太不值。
这就是一般人的星巴克印象。我呢，出于对咖啡的喜欢（但不依赖），也由于工作在这里的原因，常常下来这里或者新天地底层那家喝上一杯。但我一般只喝esspresso，加半包糖，加两勺清水，喝起来比较的smooth。不过其实我对星巴克印象很一般，说起来美国人会做什么样的咖啡呢？而且在国外，咖啡店都只是街边小店，喝咖啡也只是人们很普通的日常生活。里面带些甜点，三明治，牛角包之类的，花费很低廉。回到我们伟大的祖国，这洋玩意儿就只能在高档写字楼里看到，而且价格很高。尤其是曾经星巴克还一度要入驻故宫博物馆，以及我在成都锦里古街看到星巴克，心里很异样的感觉，无从表达。
对于国人，我的建议是：如果不是喜欢喝，或者很有必要去的情况下，咱就不去花这格冤枉钱了，放心，那里得不到什么服务的，花那么多钱，咖啡还要自己去端，呵呵。如果去了的话，就是我描述的这洋，也不比诧异，老美的全球标准化服务，注重的是效率，同时也培养了人们的自律，咱去了体会一下，喝一喝也就算了。这一点，大家应该能从麦当劳，肯德基深有体会了。
呵呵，没什么好评价的，却评价了一堆。（顺便说一句，我真正喜欢的esspresso并不是这家的，但目前别无选择）
"
"1883902","东边这家位置相对隐蔽：在天空大道的平台层，逛商场的人一般不会路过，所以相对来说人会比楼下的人少。
环境还是不错的，服务也还挺好。比较清静，很适合一个人或两到三个朋友一起坐着闲聊什么的。
"
"1883902","服务很差劲啊 收拾东西也很慢 地方很小很挤 基本没什么地方 很嘈杂 如果想上网需要密码 但是 其实密码就看他们送外卖的电话就可以了 都可以不用消费 就可以上网
"
"1883902","这家是我见过最糟的Starbucks， 很不幸，还老去。仗着人流好， 没办法。。。
咖啡很稀 --- 应答，照顾中国市场口味！
咖啡上留一英寸的空隙 -- 应答，方便你加奶！
咖啡不烫 -- 应答，怕顾客烫着！
很好奇Starbucks在中国一杯咖啡的毛利率比美国要高多少？  
照顾中国特色口味，shame on you. 赚钱还上纲上线了。 党妈阿你？
"
"1883902","从外面不是很好找，所以比楼下的那家人少，主要顾客都是旁边写字楼的。地方不大，如果约人还是要注意，可能会没有位子。还是一如既往的最爱摩卡星冰乐。点单经常要排队。
"
"1885162","说是咖啡馆，可竟然没甜品蛋糕
一行10人来吃饭，各自点了套餐，外点了三个菜：面筋煲，空心菜，铁板茶树菇
觉得只是个能吃饱的地方，我点的荷香鳗鱼饭，量蛮大的，很多鳗鱼，米饭哟介于香米和大米之间，里面夹了开洋青豆胡萝卜香菇丁做出来的，鳗鱼还可以，勉强吃完了
这里的性价比好差，皮蛋瘦肉粥要25元一碗，却不怎么好喝，这样一比，新旺类的还算性价比高的
"
"1885162","装修就不像咖啡店
东西也不好吃
不是因为有别人送的卡，是绝对不会去的。（有卡都不想去）
超级不喜欢
"
"1885162","不喜欢这家店，超不喜欢，超超不喜欢。。。。。。。
"
"1885162","感觉特差的一个店，楼上女服务员态度极差，水杯不是主动上，人很少的下午，上一杯简单的炭烧咖啡要15分制，我晕。多一个窗帘的座位，竟然还有最低消费。更少见的是竟然也没有无线网络，还有自己的无线网卡。
服务太差，咖啡送过来后，女服务员竟然无声离去，哈哈，估计是上海，至少是嘉定最差的咖啡馆！
"
"1885162","学院一直买这个外卖的，不过个人觉得不怎么好吃。想起那个浩浩荡荡的服务生端盘子的队伍，厉害！
没办法，谁叫咱们嘉定没啥资源呢？
"
"1885162","以前就是坐坐，喝壶茶，点杯咖啡什么的，今天兴起，点了它家的菜尝尝，没想到，味道还真不错，而且菜色有新意。烧汁培根卷，培根卷大虾（完整、大个的），油炸，再浇上烧烤酱，还真是别有风味；果仁牛肉片，过油后，蘸酸辣酱，也很不错。还有见地炒饭，料足，有大虾、鱿鱼、海参～～，清淡但味美。以后有机会还会去试其他的菜。
"
"1885162","其他的都还好,就是服务不好,对于食物中有甲克虫事件反应过于迟钝,不能让人满意
"
"1885162","海鲜焗饭超级好吃，但是因为是现焗的，所以要等很久，人多的时候要等大概半个小时，建议挑人少的时候去点；铁板海鲜乌龙炒面很好吃，不用等很长时间；刨冰的量很足，味道一般，不是太甜就是太淡，水果茶是很棒的一款饮料；唯一的缺陷就是太偏了，不在闹市区
"
"1885162","哈哈，我老公也喜欢吃那里的海鲜焗饭，有很多芝士哦。因为那里有办卡，所以经常去那里吃饭，田鸡活杀的很新鲜，而且好嫩，牛排不咋滴！
"
"1885162","帮朋友去那里尕三户，就点了几分饮料，帮一个水果拼盘
雪梨汁帮西瓜汁都还不错，水果拼盘不怎么地~~~~~~~~
服务员的态度还不错，就是速度老慢的
"
"1885162","这家哦!!!!
真是太气愤了,之前其实还是很喜欢这家的,直到有一次,和同学去喝茶聊天.
点了个香草奶西,上来看都没看就喝了.
喝了两口才发现杯子上一个明显的口红印子...!!!!
恶心的我呀.....
"
"1885162","第一次去咖啡厅就是这里,服务就是有点不怎么样!饭类倒还可以.咖啡一般.价钱不便宜,环境可以在改一下最好.
"
"1885162","以前周末经常去见地。包厢不如大堂舒服，遇到过蟑螂。
日式海鲜面、各种意大利饭面、荷包饭、煲仔饭都不错，价格在咖啡馆里算中等的吧。中式的面条做的不咋的。
服务生反映不够快，上菜要等很久。
"
"1885162","环境真的是很一般啊，包房感觉好脏俄，要坐的话还是坐在大厅里沙发感觉舒服点
蔬菜沙拉，水果拼盘都很一般，感觉不大新鲜
基本还是点菜的，没什么特色的~！
要不是朋友请客估计我是不会去的
"
"1885162","同学聚会聊天都会去那里
主要是因为停车方便 还有包厢 还有麻将桌
那里的东西有的好吃有的难吃
吃过一个经典意大利面 有股说不出的怪味道 大概放了薄荷
炸鸡翅也不好吃 都是面粉
大厅不舒服 总是会有烟味飘过来
不过也有比较好吃的
比如香芋奶昔 薯条 红烧牛肉面
还有我最爱的剁椒鱼头 辣到极致了
"
"1885162","环境一般，包房感觉不太干净，服务也不太好，点完单后上来速度有点慢，然后想叫服务员时到外面喊几声都没见反应的，咖啡不太便宜，总的给人感觉一般。
"
"1885162","点了一些饮料，一个水果拼盘，和开心过什么的，环境一般，装修比较旧，包房灯还坏的，就大堂，服务一般吧，总之就是一个随便聊聊的地方。。。
"
"1885162","主要是因为单位发了很多这里的消费卡，所以一般逛街的时候就和家里人一起来这里吃。上菜速度超慢，肚子饿的时候来这里超难受的。因为这里是咖啡馆，所以中餐比较一般，不过个人较喜欢这里的见地炒饭，量足、味美，以前还送例汤和炖蛋，现在炖蛋改成甜品了。以前的见地炒面比较赞，但是后来改其它做法了，不好吃了。
"
"1885162","因为聚会去过一次，说实话印象不是很深，环境还可以，交通也很方便，价格不算便宜。亮点就是服务员满搞的，上东西也不快。
"
"1885162","以前经常去的一家店，中午去吃他家的商务套餐。。。后来节约也就少去了。
他家的菜做的其实是不错的，特别是牛仔骨，很好吃。
饮料的话有个叫蓝色忧郁的很新颖，卖相也不错，现在菜单MS没有，不过还是可以点的。
"
"1885162","最早的时候是姐姐带我过来的，蛮开心的几个人坐在这边要了一个包厢，然后喝咖啡，打牌。之类的。蛮有意思的撒，价格也不是很贵，无聊的时候几个朋友过来蛮适合的。。推荐之~
"
"1885162","很普通的一家咖啡店，过来吃过午餐，炒饭还是比较有特色的，其他的都不太好吃。品种什么都很不对的，总体不是很好，但朋友在一起也就没什么好说了
"
"1885162","其实是一家挺普通的咖啡店 
东西也比较大众化
招牌好像是一个叫见地咖啡的
还不错 挺香的
环境不错 很适合几个同学一起聊聊天什么的
价格也不算贵
推荐可以试一试
"
"1885162","之前很喜欢去，后来因为卡用完了去的比较少了
觉得这家店东西还是比较实惠的，量挺足
很深刻的印象就是点过一次牛腩，上来满满一砂锅的牛腩
见地炒饭跟粉丝煲都是大爱
"
"1885492","是坐超市班车去的.因为交通不是很方便.回来还是要坐班车的.等班车的时间就去这家""味之都"".因为都是加盟店.所以服务质量.和菜的质量都是有区别的!
     这家店的特色是上菜速度慢.味道吗.一般!对于价格来说还是满便宜的!
"
"1885492","上午在莘庄跑了几个地方。中午从这里上高速回去了，到了午饭时间周围又没什么吃的了，只有在这里解决了。
先说一说和服务员的对话吧点。
白斩鸡要个六两左右吧。
我们这不能点六两的，一只鸡两斤多，你点1/4只吧。
这不和六两差不多吗。和服务员说了半天她还没有明白。
她自己解释到是新来的等等云云，看起来就不机灵。
我答到没事，我也是第一次来。
但是最后上来的时候告诉我这盘鸡有一斤多，MD是她傻还是我傻。
炒土豆丝5，麻辣豆腐5，八宝辣酱10，辣子鱼18。
怎么点的几个菜都是辣的呢？菜的味道都很一般，还不如街边的快餐好了。而且也上菜很慢，餐具也都不干净，基本上是拿水一冲就完事，给我上的碗里有一层厚厚的。
"
"1885492","家常便饭，价格公道，比较实惠。
去了两次，都是比较晚才到的，竟然很多菜都卖完了。
白斩鸡，辣子鱼锅（要不辣的），金针铁板茄子 我都很喜欢
尤其是鱼汤，味道真得不错！！鱼片也很多！
服务员很亲切，但是确实记性差，答应得很热情，最后忘了。晕
反正家里没东西吃，去那是不错的选择！
"
"1885492","今天是新年的第一天，一早和LG开车来到这里准备逛逛乐购，我就在这里吃了新年的第一份早餐，一般早上这里就供应面条和粥，看了菜单之后点了一碗罗汉上素面（12元），端上来的面汤感觉和味千有的一拼，汤头味道挺浓的，素面的浇头里有蘑菇、香菇、白果和几根青菜，面条的量也差不多，就是感觉浇头的量太少了，而且个人觉得素面的话应该有油面筋和豆腐干。
"
"1885492","和妈妈一道去的，点了1/4靠腿的鸡。鱼香茄子煲 玉米烙啊大概5个家常菜，量可以价格也不贵～就是茄子吃到后面有点咸，回家拼命喝水了
"
"1885492","这家店没话说了，想省点钱，吃到卫生的，好吃的，首选这家店，中餐里的KFC啊，呵呵，总的来说，选择蛮多，基本可以吃饱吃好
"
"1885492","味之都原名齐鼎鸡，多年来一直跟振鼎鸡抗衡，但鸡的素质实在没有振鼎鸡来的过
硬，所以开始走多元化路线，他家的口号就是打造成中国快餐航母！
现在上海每个区都有他家的身影，没有个十家也有个五家，而且他家特别喜欢开在大型购物中心里面，估计是经营战略方针吧，哈哈哈～～～
这家店开在闵行乐购门口，俺有时去松江或者七幸路办事，会去他家解决中饭：）
每逢中午时分，店内有些乱哄哄，很吵闹，大多是乐购员工，感觉有些像乐购员工食堂，像俺们这些外区人还是少数吧！
六月份的时候刚去过一次，不过个人感觉水准有所下降～～～
他家的菜单已经更新过N回了，现在主营家常小菜为主，点心鸡粥为辅！
这次俺＆同事两人点了些家常小炒，快进快出准备～～～
1、【炝花生】：3元/碟，俺只能用碟来形容，有点夸张啊，就是那种倒酱油或倒醋的碟子那么大小，花生是山东小花生，香脆没问题，就是量少的可以。
2、【宫爆鸡丁】：15元/份，俺的最爱，不过价格有点高了，而且菜有些温腾，花生也不够香脆，随便吃吃比较下饭。
3、【椒盐排条】：15元/份，俺的老三样，不过他家的排条做得像面粉条，吃不掉肉，洋葱么比排条还要多，真是黑心：（
4、【肉末粉丝煲】：10元/份，这个是帮同事点的，他比较喜欢粉丝，粉丝是绿豆做的，俺喜欢山芋的那种，过饭没问题。
5、【米饭】：1元/碗，量还可以，不需要在添的那种。
一餐下来人均25元不到，还算便宜，俺还用了索迪斯卡消费，省了开销：）
"
"1885492","实在是没有什么特色，就鸡的味道还行，只能随便吃吃，服务员还强烈要求我们办张200的卡，坚决不办把，不然套牢啦！
"
"1885492",""
"1885492","先去老街买了龙袍小笼，但又不想做在路边吃小笼，于是一路往乐购进发，KFC人满了，便进了这家店。
以前从来没有进过味之都，这次来后觉得还是很不错的，各种菜价格便宜，环境也干净。
白斩鸡味道不错，稍微比振鼎鸡老一点点。皮蛋瘦肉粥里面皮蛋也看不到，差了点。
"
"1885492","这家的白切鸡味道不错,粉丝煲也很好吃.平时吃吃还是不错的.
只可惜最近一段时间,上菜速度太慢.服务有也点慢(即使没几个客人)
"
"1885492","好烂的一家店
本小姐中午11：25左右进去的
到11：32才有人过来给我点餐完毕
到12：00才看到自己点的东西
这家店的速度可想而知
另外东西也很烂
小姐我点了一份排骨饭套餐
里面的东西都是半温不热，饭尤其恶心，烂糟糟的，和浆糊有的一拼
而且不仅是饭，面条也很恐怖
旁边一桌两个女的，点的面都是糊糊的
小姐我亲眼看见她们吃了几口就实在吃不下去，走人
注：本小姐上面所说时间都有收银条为证，绝对没有夸张的成分！
"
"1885492","真实一句话:难吃的要死!!!
服务员推荐的牛肉面和一口汤都是味精都没化开的味道,估计是厨师忘记放牛肉汤了,都是豆浆的味道.
点了鸡肝结果端上来是鸡心,为服务员是怎么回事,他说最后一份卖光了,不够才凑的,倒是很诚实,可是这是一种东西吗?我说那就不要了,他说退很麻烦,让我们换,点了两个又说没有了，我说那还是退了吧,他还是说要换他比较方便,真的很气人,结果后来没一分钟就退了,不知道怎么麻烦了他.
本来还想点酸菜鱼,服务员强烈推荐辣子鱼,说是送青菜,等了好久端上来真的是半锅的青菜半锅的汤,几片可怜的鱼,味道还还难吃的不行,不知道怎么这么难吃的东西开了这么多家店,我想这辈子都不愿意再去的餐馆之一.
"
"1885492","由于开在乐购里面，人流量很大。生意不是一般的好，是爆好！！经常购完物会在那里吃一点东西，味道还算可以
只是顾客太多，服务员太少，有的时候感觉有点忙不过来了&&
"
"1885492","是我和LG以前的食堂。鸡不错、鸡粥不错。
其他菜就是随便吃吃，小店有些创新，不过速度有点慢。价格还可以，但量给的一般，总觉得油不是特别好。
"
"1885492","昨天去的好像不是这家，应该是在乐购超市对面的，不管了，反正都是他们公司的，服务真的是差的不得了，一起点的东西，我男朋友都把面吃完了我的还没有来！！！那时店里根本就没有超过5个吃饭的，我举手示意店里貌似管事的过来问问，没想到那边两个男人竟然看到了也不理我，最后又等了无数分钟后忍无可忍冲到收银的地方退钱，退个钱又等了几分钟，真的是没话好说了，普遍觉得七宝那里的服务都不怎么好，上个礼拜是味千，这次是这个，不晓得下次是哪一家了，可能真的是天热人也暴躁啊，不爽～～～
"
"1885492","早就变成海澜之家了吧
前身是味之都，除了炸猪排（蒜味）还有点印象，其他都不行，特别套餐，里面的蔬菜和饭竟然馊馊的味道。
"
"1885492","看上去就哦错八拉的，也没什么好吃的，最最要命的是店员记性很差，催了四五次的菜最后还是忘记端上来，受不了！
"
"1885492","首先要BS一下乐购班车的司机，六公里路居然开了四十分钟，简直比蜗牛还慢，投诉居然说这是正常的，公司规定只要在一个钟头二十分钟内就可以了，真TNND8是人说的话，想想就来气，CN~
那里也真的么啥子7额，要么KFC，最后决定9格答了。点了蜀地辣子鱼<18元/小>，价钱真的是实惠的，量也是巨大的，但味道真是推板，而且不是推板的一点点，基本都浪费了，辅菜贡丸<6元>和土豆<3元>也是0分，贡丸不夸张就是面疙瘩，而土豆切的太簿了稍微一烫就不见形了。。。
另外点的鸡，牛肉拉面，鸡汤面，鸡爪还是不错的，以后决定了再来的话就是1/4鸡+葱油拌面，既经济又实惠^_^
"
"1885492","那次去乐购,正好逛到中午,又不想吃KFC,就去他家了~
因为是双休日,所以人满多的,等了一会再有位子~
点了鱼片煲,春卷,西芹百合,韭菜炒蛋...
那个煲要的是微辣的,味道还不错~
其他都一般吧~
反正随便吃吃可以的~
"
"1885492","这家店是我们的食堂
家里没空煮饭的话去吃吃还是不错地
特别喜欢他家的刀豆烧土豆
那个土豆是炸过的,好好吃的
每次必点
排条的性价比也是不错地
吃鸡的话要和服务员说清楚多少价格的
不然要了1/4 会给你20块甚至更多的
而且菜点多的话,最后要核对一下.
不然必会少一个菜
"
"1885492","口味基本谈不上好坏，随便吃吃，填饱肚子是可以的．其中一个辣子鱼是值得推荐的，鱼片一般般，但汤头一直很鲜，价格便宜才28.0，再加2个素菜，2瓶饮料，2碗饭，五十几元就搞定了．拌面不错，还有其他小点心．挺实惠的！
"
"1885492","因为公司发了消费卡在这里使用，所以带家人一起来吃，感觉那个白斩鸡和鸡骨汤面不错，每次来都点的，其他的菜还可以。
"
"1885492","地点：乐购莘庄店内
环境：那么热的天，店里的温度竟然比超市大厅的温度高许多，奇怪！
服务：服务员上菜单速度慢，Order速度也慢，上菜速度更慢，这么热的天，本来人就比较浮躁，再这样子更没耐心了！
价格：适合学生族、工薪阶层
点评：
1.排骨年糕：按理说这是味之都的招牌，但是这家店不知道为什么排骨年糕特别腻，除了排骨味道还比较好以外，年糕和汁的味道都大失水准，年糕吃上去口感一点都不好，汁也太甜太腻了！
2.酸辣汤：难吃至极！名曰酸辣汤，一点辣的味道也没有，酸的感觉却又像是馊的，这是毫不夸张的！数了数，香菇只有可怜的5条，LP最喜欢吃香菇了，那么少，真是抠！
3.鸡胗：我和LP点了4个，端上来的时候已经切好了，可以怎么看都不像有4个，感觉被斩了！
总结：没有一点好感，以后再也不去这家店了！
"
"1885492","元旦的时候逛乐购，顺便进去吃了海鲜沙锅。
毫不夸张的讲，这里真的太烂了！
上菜很慢，而且 ，端上来的沙锅，上面还漂着一只绿油油的小虫子，一看就是刚从油菜叶上爬下来的！
一点胃口都没有！
卫生太差！
"
"1885492","味之都不管哪家店都是一个德行的！以前每次去吃饭，在任何一家分店，都没一次是愉快的！饭菜口味太糟糕了，我简直找不出什么词来表述！点个白斩鸡，你要10元左右，他们一定会给你15元的；你要15元的，他们就必定给你上20元！而且服务员好象分不清鸡翅膀和鸡腿的分别，每次给的鸡都不是我们要的部位。
    每次找经理投诉，每次得到的回答是：不好意思，这个服务员是新手，刚来，不懂。搞不明白他们店的服务员怎么都用新手？不怕影响生意？
    也不想再多说什么，我是严重鄙视他们了，再也不回会去吃饭了，让他们的新手可以少一个找麻烦的客户。
"
"1885492","去了两次
还是没有改变以前多味之都的看法
越来越难吃了
椒盐排条是我吃过的最难吃的味道，全是面粉
不喜欢别人在我吃饭的时候拖地扫地感觉很不好
"
"1885492","简直太差了!!!!!七宝就没有可以吃饭的地方啊~~~不想在和记排队,不想吃烧烤不健康,出来想随便吃点呢,以为味之都这么多连锁是做味都面条的呢,结果吃了绝对后悔啊,还不如去吃5块钱的酸辣粉!!!!!
太难吃了回来了一个半月都不想点评!!现在浪费时间写就是为了大家以后千万别吃了!!!!
________难吃之长记~~~~~~_____________
招牌菜招牌难吃菜NO1!!!!!~~~~凉拌海蜇~~~
难道说他家的盐不花钱？？？！！！！很明显可以咸的杀人了。。这么多家连锁的店怎么可以上这种没有常识的菜。。。咸的超乎了我的心理承受能力！！比我这不会做菜的人做的还难吃！！！
招牌杀人服务员！！！海蜇本来就是咸的阿{引申义：你没有吃过海蜇？？不知道海蜇是咸的？？}简直了。。。气暴~`
后来值班的那个什么小主管说给我们换泡椒凤爪，我们坚持再换一盘，结果把我们的那盘拿水冲了了冲又拿上来了，愤愤不过我们又让上凤爪了，很明显，还是不能吃！！！
招牌菜招牌难吃菜NO2!!!!!~~~~蚝油生菜~~~
拿热水烫烫就当生菜可以吃了没有错，错的是把水挤干净也好啊！！！！
招牌菜招牌难吃菜NO3!!!!!~~~~白斩鸡~~~
我已经不想说了。剩下的菜情况相当。总之就是白花了几十块没有吃什么东西。服务态度。。。
后面那桌比我们还惨。。。情况懒得说了
写到这里我发现，隔了这么久还花十分钟写这个在2007年貌似12月乐购完毕的这顿很不值得，决定歇笔
"
"1885492","饭菜性价比挺高，实惠，休闲，大众化的餐馆。轻轻松松吃顿饭，不用讲究繁文缛节。可以随便吃吃， 不过那次去吃完 朋友的车钥匙确不知道怎么不见了，十分灵异，结果还要帮忙推车，叫了拖车来托走 真是郁闷啊。
"
"1885492","以前去吃的时候不知道，原来这家店是主要吃鸡的，当时感觉口味一般。
昨天晚上去吃，还可以，鸡肉果然味道不错，就是调料味道一般，后来要了辣酱。
面条只要点击鸡汤面就好了，4块钱。
后来又点了一个辣子鱼，很难吃，鱼肉很油，不辣，没有味道。
服务员要叫老半天才有反应，点了菜还不知道听没听到，哎。。。
总的来说，就吃鸡还好。
"
"1885492","本来要去吃辛香汇的，结果到了门口发现已经有24桌在排队，汗死，于是打道回府就近挑了这家随便吃吃。点的白斩鸡，味道瞒正宗，蘸水很好吃，就是服务员非想劝你多点，幸好坚持了自己的观点，2个人要1/4后腿足够，还非得让我们要半只，这个很不人道；蜀道辣子鱼，服务员强烈推荐，我看了菜单后发现那是最贵的一道菜，为了维护她的尊严我还是甘愿点了，结果付了钱之后回来跟我们说没了&&！然后换成水煮鱼片，酸酸的，辣辣的，酸>辣，难吃！关键是硕大的盆只有上面浮的一层才是鱼，下面都是白菜！还要了份面，马马虎虎，无功无过；皮蛋瘦肉粥，这个是唯一满意的DD了，味道很鲜，不过一看就是味精放多的效果，哎！卫生状况很差，擦桌子的抹布看见就很倒胃口，而且我们要加菜的时候，服务员狠狠的说了句先埋单！无语！
"
"1885492","吃过一次，那时在一个中学实习，朋友突然过来玩，下午第一节要上课，中午只有一个小时出去吃饭，于是就选的离学校最近的这家。
  两个人各点了份套餐，名字不记得了，反正我那份是牛肉的。味道还可以的。荤素搭配，还有汤，算是比较营养的，吃的也很饱。中午那里吃的人还是蛮多的，还有不少在附近上班的人也会过来吃，不过大部分都是附近的居民。
"
"1885492","第一次吃味之都吧 感觉他家的罗汉上素面不错哦 口味正好 价格也合理 但是那个扬州炒饭 唉～就算了 有比较就有感觉了
"
"1885492","从七宝老街逛完出来，感觉没什么地方吃，于是就近来了这家店。
有个朋友以前吃过，于是很老练地推荐了白斩鸡和蜀香鱼汤，我要了微辣的，味道很好。另外还要了个土豆条，甜甜的，我比较喜欢。
服务员推荐半只鸡，但我们两个女生一个男生还是坚持点了四分之一，事实证明足够了。最后，我们还剩下很多没吃完的。
总的来说，性价比很高，但是服务员的速度太慢了。服务还要跟上。
"
"1885492","肚子饿就找了这家店,东西和外面比是比较便宜的,我推荐牛肉拉面,和味千有点象,但是只要14.8元,便宜,还叫了锅巴和排骨饭套餐.锅巴很甜,适合喜欢吃甜的上海人口味,排骨饭就是炸大排,没什么特别.
"
"1885492","每次来都要点白斩鸡，鸡的味道和其它店差不多。调料姜沫多点的话更好吃。
酸黄炒鸡蛋经常被做成鸡蛋炒酸黄。好像鸡蛋不要钱一样，可怜的酸黄就那么一点点。
服务算是一般吧，如果去的时候比吃饭时间晚点，总是会碰到服务员在旁边扫地、拖地，孰不知这样的爱干净对顾客来说是非常不礼貌的。最讨厌自己在吃东西的时候别人在打扫卫生了。
"
"1885492","门面比以前小了很多，鸡味道还不错。随便吃吃解决肚子问题还行。另外就是鸡汤面还行，但价格也涨了不少。除了这家店，比如七宝、港澳中心店也去过几次。
"
"1885492","千万别去这家***。周六中午，我们一家去这里吃饭，用的是味之都的会员卡，它们家居然给我刷了两笔，我质疑这卡里的余额。他们家的经理还一再表示是我记错了，态度极其肯定，好像我得了老年痴呆症似的，自己都不记得是否消费过。然后我表示要查消费记录，她居然还不让，说是要到买卡的原店去查。于是，我只能驱车再到原店去查，结果是给我刷了两笔。最后，我再回到她们店的时候，她还一再强词夺理，态度极其恶劣！这个经理真不配做经理的，简直就是一家***。大家以后千万别去她们家！
"
"1885492","经常去吃的一家店，随便吃吃还行。糖醋排条，干锅牛肉，辣子鱼，八宝辣酱都是我经常吃的菜，但是八宝辣酱有点变味了，里面根本没有8个宝，都是花生米，可恶~~
"
"1885492","上次和我妈去购物时，到这家吃饭的，这家与其他的味之都差不多，套餐和春卷以及排骨粘高味道还行。其实味之都其他的东西口味还是一般。
"
"1885492","他们家只喜欢排骨年糕，记得第一次是拿优惠券去吃的，那时候是5元，优惠价是4元，一块排骨，三块年糕，酱甜甜酸酸的，老喜欢的，现在价格老早涨了不知道多少了
"
"1885492","很一般呀，冬天去吃，上菜好慢
就白斩鸡还不错
服务态度简直是恶劣
叫很多次甚至没人理睬
一定要到柜台才有反应，还老大不情愿的。。。
"
"1885492","以前和爸爸妈妈去乐购的时候 总是去完超市 然后就去味之都里面吃 不过里面的东西是越来越不好吃了 
不过里面的拉面还是不错的
"
"1885492","服务极差，点了白斩鸡，肉居然是咖啡色。投诉，服务小姐跟我说，正常，你不能要求每只鸡都是好的。看来我要求吃一只正常鸡的要求过份了，特吐血评价。
"
"1885492",""
"1885492","四月底重新装修营业了。味道比以前好了，量也没没减少，希望能保持啊！
可能厨师换过了，菜的口味有所提高，品种也和以前不一样。
比起以前那些简陋的炒菜来说，真的是有所进步，不过希望保持啊，否则么劲额。
"
"1885492","就是大众快餐店！不要有啥奢望！
价格亲民！味道一般！
偶尔逛个超市，吃个便餐就OK 了。
好像有什么特价之类的，大家看照片吧，我懒得讲了！
"
"1885492","店面还不错，环境挺好的，
随便吃吃也还可以，不过味道都不怎么的
又一次和朋友点了里面的鸡公煲，愣是一口都吃不下呢
"
"1885492","和我老妈俩个个人 夏天不高兴烧饭 去了一次
总感觉还可以  人有点多  等了一会儿 找到两个位置坐下
点了 他们的排骨年糕 大排面 水煮牛肉 和鸡公煲  味道还是可以的  
量也很多 
最后又有点了一份水果冰沙  本以为是新鲜说过  后来一看结果是 水果味的软糖和冰 这个他太赚了 6元一份
"
"1885492","它的店面倒是还不错
环境也比较整齐吧
随便吃吃的话可以
上菜速度有点慢
面不是很好吃，不过价格还算可以
便宜的话人均10元就可以吃饱了
就看你点什么了
不过基本味道都不怎么样
"
"1885492","离超市很近，所以常常光顾的。里面的白斩鸡是全家的最爱，四个人一般至少要半只的。而且很实惠的，最近好像有些冷菜只需要3块的样子。他们家也是连锁的，看上去都是比较干净，所以很适合常常光顾的。
推荐下
"
"1885492","无厘头走进这家店。实在是乐购这一带感觉没啥好吃的了，排骨年糕，年糕蛮糯的，排骨好大一块，但是大概是师傅刀工比较好的缘故吧，灰常薄。
看到别人都点了白斩鸡，下次试试。
"
"1885492","味之都的价钱也越来越贵了，以前在那吃吃感觉还可以，现在不行了，盘子越来越小，菜越来越少，价钱越来越贵了。。。物价飞涨的时代啊...
"
"1885492","菜价不贵 适合随便吃吃的 很爱他们家的酸菜鱼  以前七宝也有一家味之都的时候一个月要去好几次 
后来莫名其妙没了  
现在偶尔经过这家的时候 还会再吃吃 
蛮喜欢这家的   
不过大家都推荐的口水鸡  我觉得不怎么样
"
"1885492","实在是后悔办了张卡，无奈还是得慢慢吃掉。
办卡时所谓的优惠在实际过程中是有苛刻限制条件的，因此很少享受到，等于就是预存了300元钱，然后每次消费扣掉一点，等于被套牢了。
吃了这么长时间，我觉得，菜的味道和干净程度是越来越令人失望，而价格却是在不停的上涨，味精太多，感觉叫味精多比味之都更贴切。
而且上菜速度极慢，基本都要20，30分钟等一碗面。。。
反正这张卡里的钱吃完，是再也不想去了！
ps.好几次还碰到人家吃出脏东西来的吵架的情况，比如汤里有蟑螂。。。恶心ing
"
"1885492","还是老早就去了 现在这家店都没有了 菜的味道是不错的 因为时间比较长了 都忘记自己吃了一些什么菜了  不过还是蛮清谈的 蛮适合口味不重的人的选择的
"
"1885492","这家店开在乐购超市里，生意一般般，出去办事，中饭赶到这里点了点鸡，和上素面，鸡是嫩嫩，面的口味也不错，服务员个个都很热情，环境也不错，下次还会来。
"
"1885492","现在这家点变小了，但是变新了。主修过了餐具也换新的了。口味比以前好了很多，我点了这里的炒饭，说实话我以前不大喜欢吃炒饭。确实这一次的炒饭很好，希望保持。
"
"1885492","每次逛乐购都去这家店吃饭，感觉她们服务还是很热情的，很喜欢吃她们家的水煮牛肉，28元价格很实惠，而且牛肉很有口感，下面的配料也很多，新装修了环境也很好。很不错的一家店。
"
"1885492","好久没到这家味之都吃饭了,从装修后的第一次,环境感觉很舒服就是面积太小,东西的味道比以前好,餐具都换过了好大,总的来说还不错
"
"1885492","装修过了就是不一样，我喜欢在外面买吃，这个地方的快餐几乎我都吃过，只有这家满好的，口味也很好，我喜欢吃鸡，他们家的白斩鸡就是好吃，很润口、很嫩；
下次我还要带我的朋友一起来吃。
"
"1888231","喜欢迎宾的老大爷，去的那天有些阴天，屋里有点冷。午饭，去得比较早，上菜速度很快，喜欢红柳条的烤串，很有新疆的感觉，肉肉口感很好，不太喜欢这种酸奶，特别是撒在上面的小点缀，整个的烤鸡翅，吃着很过瘾
"
"1888231","早就听老公的朋友提起过他的朋友开的这家药膳。
我们一行人从山下喝完茶兜完风下来，由朋友带路去了。
在药用植物所院里，停车以后又往里走了几分钟才到。环境很好，店面很大。
我们被安排到包房，经过走廊看到墙上挂了不少相框，主要都是介绍酒店的，得了什么奖，国外什么人来店等等。
包房超大，房间里金壁辉煌，一侧是一张10几人的大桌子，落地窗向外能看到竹林，风景不错。另一侧是一组转角式的超长软沙发，配着玻璃茶几。
菜品主要是西域风情为主，我们这些人里有比较挑剔的，于是点的都是些所谓的养生菜。各种菜用植物，老公的朋友是植物学方面的专家，把服务员给考倒了好几回，最后服务员说对不起，我再好好学学。
还没上菜，老公这个面食动物就让先上了几份馕，结果啃了好几块，没等菜上来，大家都吃饱了。。。
这些人都吃草，烤羊排是为我这个吃肉的点的，还算有良心。我的肉肉。。。
"
"1888231","酸奶超酸，饭后吃。
肉串儿嫩，很香，就是有点咸。
囊包肉好吃，牛舌不错。
楼兰羊排一般，不喜欢炸的这种吃法。
酸辣土豆丝刀工不错，好吃。
凉菜有一个海里的什么，嚼不动。
中午去的有点晚，没有吃到手抓饭，唉，太遗憾。。。
餐馆周边环境很好，吃饱了在里边散散步。。。
小湖里看到了一条大大的鱼，可能是草鱼？总归半米多长。
下次还要去
"
"1888231","首先，这个地方十分隐蔽，如果不是有人介绍，绝对找不到这个地方，在一个药用植物研究所里面，这个院子里面全是大片大片的植物，天然氧吧啊，环境特别好。
然后说味道，说实话，比新疆办事处的还要正宗，红柳烤串串大，肉香，大盘鸡盘子也很大，肉嫩，蕨根粉和凉皮都有种特别的味道，不知道是不是药用的佐料。
就是服务员有点楞，上错了好几次菜，不过上错的一个回锅土豆片还挺好吃。
"
"1888231","铁签烤串好吃，馕也不错，拉条子不错，干扁茶树菇一般，炒羊杂好吃，大盘鸡也貌似不错，大家还是对肉串和拉条子最满意
"
"1888231","去年还是前年去的了
那时候刚从新疆回来不久，很馋新疆菜
点了大盘鸡、羊肉串、酸奶之类的
我觉得羊肉串好吃，不过我从小就是串迷，一般好吃我就觉得好吃了
家里人对新疆菜不感兴趣
我自己也觉得其他菜做得没有乌鲁木齐的好吃
感觉去这里顺便能在植物研究所里转转，环境还可以
但是就餐的环境我感觉很一般
有点大食堂的刚觉
不知道现在有啥好转没
"
"1888231","所处的大环境确实不错，倒是都是绿意。内部环境也很好，不像一般的清真馆子那样脏乱。不过菜的口味真的一般。
羊肉串味道不错；6块钱一大串；
板筋块太大了，根本咬不动；
腰子就更失败了，烤的太老了，像是巧克力一样；
大盘鸡是早就做好的，鸡肉柴柴的；
酸梅汤号称是一扎，其实没多大；28块
个人觉得，如果想吃纯新疆口味，还是找个路边的新疆店来得实惠。这里更适合公款请客，环境在那了。
可能个人不会再去了。。。。
"
"1888231","十五个朋友一起去的，这地方在药用植物研究所内，所以外面全部都是绿色植物，环境不错，我们要了包间，有最低消费1200元，服务员不够热情，总是加菜还要到外面自己找人去。吃的东西是新疆口味，总体很不错。最喜欢的才是囊坑烤鸡，皮金黄酥脆，里面的鸡肉却很嫩，是最受我们欢迎的一个菜，红柳烤串和铁钳烤串味道也不错，凉拌拉皮好吃，大拌菜也不错，还有一个核桃芝麻包着炸的肉也好吃，酸奶放了蜂蜜还可以，不放的话很酸，一般般。拉条子、苜蓿肉不好不坏。烤油馕不错，很香。下面说说不太好吃的菜：炒烤肉，用洋葱炒的的，和别的清真馆子不一样，不太好吃。它似蜜也不是别家那种很甜很红的，味道也很一般。烤羊腿虽然外酥里嫩，但是一点咸味没有，不好吃，都剩下了。总体感觉不错，菜都还可以。最后送了果盘。酸梅汤挺好喝的。
"
"1888231","味道太一般了，量也很小，价格很贵。味道也不太正宗，炒烤肉什么的，肉量很小，味道也差，服务也很一般。烤串总的来说，也就还行吧~！基本去一次不会再去的地方。
"
"1888231","风味独特，实惠
烤肉很好吃，还有许多药用植物园内自产的蔬菜。有机、新鲜。菜量不是很大
停车免费，吃完饭还可以去药用植物园看看
"
"1888231","那里的羊肉串是我吃过的最好吃的了，红柳木串着，看着就挺棒的；烤包子、烤馕都很好吃；更喜欢里面的药膳，凉拌的天麻丝酸甜酥酥脆脆的，没听清楚服务员报菜名，我们猜了半天，既像鸭梨又像是萝卜。那个新疆大叔自创的歌曲很有意思。下回还可以去。
"
"1888231","肉不错，味道行。就是烤串儿不稳定，有时好吃，有时像烤过又加热的。什么馕包肉、羊腿不错，新鲜美味。有时有表演。
"
"1888231","这家饭馆呢，，，实在说不出来是什么风味的，反正什么菜都有，就是一个有几个新疆菜的普通饭馆，其味道和特色远远不如大钟寺的新疆巴州驻京办，不如当年的十二木卡姆，不如的太多了。。。。。。。酸奶还算纯，但是味道不香，红柳烤串还是不错的，但绝不属一流，其选用的肉的部位并非最好，但肉量够足！饭馆里似乎禁烟，有人觉得好，有人会不喜欢。反正，，，仁者见仁吧。
"
"1888231","羊腿只用盐来烤，原汁原味，丰富的肉汁被锁在细腻的纤维中，入口满是羊肉的甘香，却没有浓重的膻味，肉质嫩滑无渣。
羊肉串和腰子抹了孜然为主的酱料来烤，肉串是三块瘦肉夹着一块肥肉，据说是最正宗的烤法。
大盘鸡的鸡肉很多，土豆吸收了微辣的香料和鸡肉的精华，热乎乎的很好入口。
烤鱼是一条鱼剖开两边烤，鱼肉蘸满孜然和辣椒粉，香香软软的，虽然味道有点重，但觉得真是特别好吃。
馕和面条据同桌的北方同胞鉴定，也给出了很高的评价。
"
"1888231","喜欢他们家超大的肉串，女孩子大概一串就够了。
还有大盆鸡里面的面条，就是少了一点儿。烤包子也不错
那个酸奶真是够酸的，吃之前要有点心里准备，我上次是要了一碗白糖就下去的。
"
"1888231","味道很正的餐厅。。大盘鸡很好吃 就是有些太辣了。。还有他家的各种馕都很不错。
有位新疆大叔 还时不时的唱唱歌。。不过也是服务员把。
研究所里面的车看来都是进去吃饭了。外面有小喷泉和花园。吃完可以带孩子来小逛一下。还有一家卖中药的店。也很不错  貌似跟协和有点关系。。里面有协和自己的护肤品。
"
"1888231","自酿的酸奶不错, 味道很清淡, 加上蜂蜜, 美味出众!
凉菜可圈可点, 豆豉薄荷, 略咸, 薄荷的味道没有想象中的浓郁.
**大黄, 忘记了菜名, 呵呵, 一款切成菱形的似冰棒的糕点, 略甜. 蛮新颖的.
大盘鸡的确好大, 我们八个人, 努力了半天, 最后还是望盆兴叹. 眼大肚子小啊. 味道实在一般. 
烤肉串超大一根, 用红柳枝串着, 很嫩, 大赞.
馕比乌办和新办的差得太远了. 彻底没有味道...
烤包子羊肉有些膻, 吃着还可以.
"
"1888231","酸奶很难喝，大盘鸡一般，过油肉拌面、碎肉拌面很好吃，羊肉串很好吃，囊包肉好吃。服务员服务跟不上，但因为东西好吃，所以还会去。
"
"1888231","烤串很好。酸奶也行。大盘鸡面太少。红柳太慢了。。。。。。。。。。。。。。。。。。。。。。。。。。。。。。。。。。。。。。。
"
"1888231","地方还算好找，停车免费，最好吃的是大肉串，肉很实惠而且烤的好好吃~菜也很天然，不过炒的很一般~想吃大肉串的话还要来~
"
"1888231","是跟着绿色楼兰老板过来的。
一般不在大厅吃，因为服务员的服务有点跟不上。
说实话，红柳烤串和酸奶的品质上确实大不如以前了。
不算贵的，毕竟有周边的大环境呢~
"
"1888231","前天去吃的，吃完回来就拉肚子了！！！！！！！！！！！！！！！！！！！！
菜的质量下降严重！！！！！！！！！！！！！！！！！！！！！！！！！！！
不想多说什么了，怀念从前在这里吃的味道！！！！！！！！！！！！！！！！
"
"1888231","第一喜欢的就是环境,空气好,环境干净,植物园内,安静;
第二菜很地道的新疆菜.很喜欢! 但是比起语言大学里头穆斯林餐厅口味稍微差一点！
"
"1888231","楼兰和菜：10米。就是一点菜叶子拌了下，上面放上辣椒酥
爽口西芹：16米。很普通的拌西芹丝，特别小一盘。
羊肉串：普通的4块，红柳的6块。我们要的普通的，非常好吃~看别桌的红柳像炸的，还是觉得自己的吃着香
酸辣土豆丝：因为看到基本每桌都有就随大溜点了，真的特赞~~
大盘鸡~~~要的大份的，超大一盘~~~鸡肉很多，够辣够嫩。土豆不太沙，这点很遗憾。面片到最后再吃，特入味儿特香~
楼兰羊排，炸的，一点膻味儿都没有了，非常香嫩
囊包肉，这个是我吃过做的最好的了，嫩啊嫩，无法形容了~~
大爱的肉抓饭，卖相看着一般，吃起来非常香甜，反正很适合我口味，可惜实在吃不动了~~~
"
"1888231","很有新疆味道的餐厅，一进门就有扑鼻的羊肉串味儿^_^
餐厅有位新疆老爷爷，也许是老板？会亲自过来帮着服务员点菜，会推荐菜品，会拉手风琴唱歌，当然还会极其热情地邀请女童鞋跳舞。。非常可爱～～
食物嘛。。最爱的是铁签的羊肉串，看着虽不算很大，但肉绝对的坐实，作料味儿也足
楼兰酸奶是这顿里最记忆犹新的，上面有很甜的葡萄干，跟超市里买的可绝对不一样～还有小时候蛋糕上常放的小细条的彩色的糖，绝对很传统的感觉～只是不要蜂蜜的话，真的可以酸倒牙，掺上蜂蜜到不觉得那么酸了却又觉得太甜了。。但依然觉得很好喝啊～～很稠很纯正的感觉，闻一闻就有小时候喝的瓷瓶酸奶味道，绝不像加了三聚氰胺的现代酸奶
大盘鸡稍辣，量很大，土豆很好吃。从前吃的大盘鸡都不辣，才知道原来那些都不正宗。。
香酥羊排炸制得绝对不负香酥二字，肉也很嫩，美中不足的是 油真是大了点儿啊。。。吃一块儿完了就会有些腻了
油馕和油酥面都很有筋劲儿，比起各种肉类虽然甚是朴素，但味道却绝不逊色～～
手抓饭原来正宗做法是不放多少作料的。。。味儿虽淡但粒粒分明，羊肉也没什么膻味，虽只有两块，但让整盘饭都很香～
总之，看同去的新疆童鞋的反应，应该是挺正宗挺不错的一家新疆饭馆，坐落在药用植物园里，周围的环境也算相当的好啦，只是里面似乎没有包间，饭点儿生意很火但也就显得环境有些嘈杂。不过在那周边还不很发达的地方，能有这样好吃的餐厅已然实属不易，再挑剔就不对啦～
"
"1888231","哇，绿色楼兰，9月5日去的，今天才想起来点评下。说实话，我很懒的，很少去点评哪家。这次是team 20人去聚餐，两桌垫点的一样的菜，由于事先做了功课，菜都是我点的。红柳烤串太给力了，虽然听说很大很好吃，见了之后还是下了一跳真的真的很不错啊。
更美丽的是氛围，除了我们这两桌，其他有过生日的，有结婚请同学吃饭的，有来吃便饭的，都被逼表演了节目，哈哈，新婚小夫妻跳的华尔兹，和新疆大叔、两个新疆美女的新疆舞，加上店里大爷的手风琴，真是没翻了啊 。回去之后我还向我们部门经理极力推荐这地儿，离公司近，又这么有风情的地方，不容错过的额！
"
"1888231","来这吃饭主要是来吃烤串的，话说这儿的烤串味道确实不错，但现在价格确实是有些贵了。想当年红柳的肉串八块，现在已经跃至12块了，分量上倒是没有什么变化。味道还是始终如一的不错，赞一个。
    除此之外，还点了个烩羊肉，貌似38米，膻味十足，我比较喜欢；还要了个馕包肉，肉块太大，吃着不怎么入味，一般吧。
    服务还是一贯的不冷不热，不满意...
"
"1888231","药植所的大院内，环境胜在一个幽静。
大厅有点噪杂，包间比较清净，看楼上DP，感觉服务应该比以前改进了。菜单也是新换的。绿色药植与新疆风味的结合。
常规新疆菜没有点，主要点的是与药植有关的菜。
如果点得简单一些，家常一些，50-70元/人。请客吃饭100元/人左右。
非常喜欢豆豉薄荷，新鲜的薄荷叶吃下去，嗓子舒服。
大青叶=板蓝根的鲜叶，煮汤凉拌均有。
尝试了红景天药酒和天麻药酒，可以一两一两点，味道还不错。
洗手间很干净，整体卫生情况在去过的新疆馆里算好的。
吃完了还可以在大院里散步，空气清新。下次再去。
"
"1888231","和同事聚餐去过几次，公司也去那边搞过活动，还挺不错的！
饭菜的口味很好！
和同事聚餐去过几次，公司也去那边搞过活动，还挺不错的！
饭菜的口味很好！
"
"1888231","楼兰是我们常去的地方，也是泛西北旺地区最好的饭馆（没有之一）。
对于我们比较挑的口味而言，楼兰基本上没有什么菜是不好吃的，昨天去吃的时候，那位新疆的大叔又回来了，穿着特色的民族服装，非常热情地欢迎每一位客人。
羊肉串和馕是他们家的招牌，另外哈萨克土豆片，过油肉拌面，面片汤也是我们的最爱。
"
"1888231","没有新疆办那边那么嘈杂，幽静的园子里，内部环境一般，酸奶酸酸的，我挺喜欢的，烤串味道不错，炒烤肉和酥鱼不错。但是偏贵，折扣少。
"
"1888231","跟风失败啊！儿子生日，全家出动，因为都喜欢吃新疆菜，听说这里不错，就选了这里。点的是：过油肉拌面、烤包子、大盘鸡、馕包肉、凉皮、酸奶。
最失败的是酿皮，碱味很大，没有什么香味。只吃了几根，全部浪费掉。我最喜欢吃凉皮，推荐爱吃的，去西贝YOU面，非常不错，另外，吴三也可以，至少比这里的强啊。。。
其次是大盘鸡，儿子最喜欢吃大盘鸡，所以每到新疆馆必点这道菜。整个一个失败，我怀疑是剩菜。新疆的正宗大盘鸡是现做的，到了北京，很多馆子改良为先把鸡炸好，这样省时间，但也不至于是这样，一看就是早就做好的，热了热端上来的，土豆的颜色，一看就是放了很久的。不是新鲜菜啊！！！
馕包肉也有同感。
过油肉拌面，比较酸，但是还算是唯一一个现炒的菜。味道过得去，感觉比西苑的那家老马家味道差远了，只不过那家环境太差。
酸奶估计是故意不放糖吧，加蜂蜜要加五块，我要的糖，拌进去还不错。
烤肉不错。
总之，这里的饭菜，跟这里花的银子，完全不是一个档次的。我大呼上当
推荐大家不如去独山子办事处，比这里好吃多了。还有新疆办事处，也比这里强，至少人家都是现做的菜。这几家烤肉都差不多，都很好吃。
"
"1888231","一行十几人，新疆菜嘛，自然肉点的比较多，大盘鸡味道不错，只是有些咸，还可以加面，肉串肯定要来的，不过木签铁签倒是吃不出差别，酸奶好酸，要加蜂蜜，可以解些肉腻，价格有所提高，不过相应的分量也稍足了些，不只是周末还是提价后的策略，总之还好
"
"1888231","他们家的炒面片太油了,吃完了闹心~!相对来说,感觉烤包子的味道还稍微好一些~!大盘鸡做的也不是很好吃~!服务一般吧~!上菜速度不慢~!
"
"1888231","酸奶真的是很酸，不加糖来不动。
之前传说红木烤串是北京最好吃的，但吃了之后不过云云～～～
肉质不错，但味道总不如一些街边的烤串。
烤包子倒是很好吃，其他的菜都不差，
拉条子很入味。
有个油炸类的甜点不错，只是忘记了名字。
东西都是空运过来的，所以价格不会太便宜，但是质量都是非常好的。
环境一般，不过从药植所走到饭馆的那一段，曲径通幽，很有感觉。
"
"1888231","清真新疆餐馆，菜的味道不错，生日还送节目，呵呵老头子挺可爱的。最喜欢酸奶，大盘鸡不知道是不是吃的多了，没啥太大的感觉，羊肉串很香。
"
"1888231","非常正宗的新疆风味，有些菜品比新疆办事处的饭还要好吃！
最好吃的应该是他们的羊肉串，羊肉的取材非常新鲜，大块的羊肉但是烤的非常透，虽然块儿大，但是依然非常嫩，红柳木的签子也和别家不一样，比普通的竹签还有铁签子烤出来的都要好吃。
手抓肉也很好吃，是一种清香，没有羊肉的膻气。酸奶和烤包子也是一绝！
美中不足的就是他家的服务员，虽然去之前就看到其他网友点评他家服务员水平太差，但是去了之后才发现原来还真不是一般的差。都想捶人了&&
"
"1888231","实验室聚餐经常去那里的大包，味道还不错，羊肉串很大有点膻，烤包子也是，其他菜觉得挺好吃的，喜欢山药炒年糕，比较清淡，南北的口味儿差异吧，呵呵。两色的饺子很好吃
"
"1888231","跟同事去的第一次，口味还不错，酸奶并没有想象中好喝。大盘鸡很是我的胃口，羊肉串分别要的是铁签的和木签的，都还不错。推荐它似蜜，甜而不腻。
只是小贵&&
"
"1888231","周围的环境很好，从窗户可以看到药植所的各种植物。这是一个清真的馆子，东西做的还是比较地道的。墙上挂了好多名人来吃饭的时候的留影，给店家增加了不少光辉。。。
羊肉串很嫩，馕很香，口感也不错，大盘鸡很大，比较喜欢吃下面的面皮。由于近水楼台，还能点到一些药膳，有比较浓的中药味，不知道能起到多大的滋补作用。
总体来说还是比较喜欢的~以后回去常吃
"
"1888231","昨天聚餐又定在绿色楼兰了，新疆风味的餐馆，在药用植物园内，又以养生药膳为特色。
最喜欢大大的羊肉串，吃起来特别爽。昨天上的都是硬菜，大块的肉，浓郁的味道，大盘鸡、囊包肉、手抓羊肉之类。与之搭配的凉拌薄荷叶、山药、菱角、菊花之类的清淡菜式正好解油腻。
来吃过很多次了，挺不错。
"
"1888231","首推的是他家的酸奶，如果你够喜爱酸奶的酸的话，一定要来试一下哦。绝对是酸到极致的爽的感觉，如果还不是特别能接受可以加蜂蜜，不过这儿的蜂蜜是单收费的。5元一份。
        烤包子，羊肉馅，馅肉实在，包子皮烤的味道也很入味。
        羊肉串，4元，肉质和烤的品质都还不错。
        炒面片，12元，份量足，油有点大，不是很喜欢。
        手抓饭，15元，据说味道还可以，看上去没有炒片那么油。
        酿皮，18元，味道不错，尤其是面筋，很入味，酿皮劲道有弹性， 推荐。
"
"1888231","毕业践行，11个人，要了一个包间，不爽的是包间最低消费1000，还好我们人多，不用担心，不过人少的话就别要包间了，大厅环境也不错的。
极力推荐红柳烤肉，肉很足，两个下肚就差不多饱了，而且是粗粗的棍子串起来的，很有感觉；
这家的酸梅汤和橙汁是自家酿的，酸梅汤味道超级正宗，口感很好，但是橙汁就不喜欢了，因为是连皮一起榨的，喝起来很苦，不爽；
伊利香酥羊排，味道不错，就是有点贵，不是很实惠；
馕包肉很不错，饼超级喜欢，而且肉也行，主要是没有太多肥的，感觉不错；
大盘鸡还行吧，不是最好吃的，没有新疆驻京办的好吃；
有一道菜叫富贵炒烤鱼，很独特，没有刺，而且还不错，就是量有点少了；极力推荐西域农家炖牛尾，带汤的一道菜，里面有山药、玉米、牛肉等等，味道很好，回味无穷；
不推荐香蒜烧牛蹄，不好吃，感觉味道怪怪的；
不过，新疆椒麻鸡还不错，好吃，就是量少；
在这还可以吃到正宗的新疆香梨和哈密瓜，很好，只是现在不是季节，遗憾的是这次没有吃到，下次一定要吃；
这家的青岛啤酒很有特色，是一个不锈钢的罐子装的，1.8升，瓶子很可爱，只是不可以带走，唉；还有一些小菜可以品尝一下，像鲜拌水晶菜、楼兰合菜、杏仁菠菜了等等，口感都还不错。
总体感觉之家店还不错，就是偏贵点，而且营业时间也有点短了。
"
"1888231","服务是清真饭馆的一贯作风，爱答不理，面无表情，先批评一下。
  味道确实还不错，大盘鸡、红柳烤肉都是大爱，其他菜品味道都算正宗，非常值得来吃一下，当然价格也在那里摆着呢，菜品有很高档的，也有一般价位的，有独立包间，卫生间干净卫生，总体不错。
"
"1888231","觉得位置有点不好找,在药用植物园,服务也比较周到,他家的烤肉挺不错的,不过价格好像比以前涨了,每次都要喝他家的酸奶,不喜欢加糖,就爱那种偏酸的口味,另外大盘鸡,辣子鸡等,都是我喜爱的..............
"
"1888231","新疆的姐妹说想吃拌面了，于是看了点评，就近就找到了这里。
环境还可以，五点多去的，人也不多。
要了烤包子（¥3）、铁签羊肉串（¥4）、大盘鸡小份儿的（好像是39）、拌面（12）。
那个羊肉串，之前有点评说女生吃一串儿就够了，吃过之后我们就开始猜测那个女生的胃口得有多小&&就跟街边儿上买4块的羊肉串差不多大小，并没有传说中的大。
烤包子，她告诫我说那个膻味儿很大，但我还是义无反顾地吃了&吃的时候还好，可是回来睡前刷过牙之后，嘴里还是一股烤包子味儿&我算明白了什么叫回味无穷&&
大盘鸡，上来的时候把姐们儿吓一跳，这根本就是小盘鸡嘛&我吃着感觉还可以，但是她说调料放的太多，花椒味儿太重，鸡肉不好吃&&
拌面更是让她失望，按她的话说，意识形态都不像&盘子小得跟烟灰缸儿似的&&
口味上，新疆人打零分，我吃个热闹，打个一般&&性价比的确比较低&&
不出意外的话，这家店应该不会再来了&&
"
"1888231","羊肉串真的可以很不错，是特色美食。酸奶也很特色，但是偏酸，不适合大多数人口味，而且蜂蜜还是单独收费的。这个很不合理。而且一份蜂蜜居然要五块钱
烤包子是羊肉的，肥瘦相间的。略腻。开始还是很香的
"
"1888231","第一次去是冲着楼兰这个优雅的名字，到了有一小点失望，环境并不如其名。但是很多菜都很正宗；比如大盘鸡，土豆很沙，鸡肉很入味。又比如羊肉串，很大，味道很正；比如酸奶，很稠，加了蜂蜜又促消化又养颜。不错的，在附件住的同志，不是回民也可以去吃吃看。同时，我也很强烈的希望，此楼兰能改装，改成真正地浪漫楼兰。
"
"1888231","只能用凑合来形容他家.凉菜拌的还行,热菜要了一炒鹿肉,油腻腻,鱼籽配窝头干巴巴,烤包子馅全是肥肉,羊肉串一般般,跟大街上一块钱一串的口味没区别.馕端上来的时候竟然是软的,号称是微波炉加热的,谁要吃软馕啊!拿回去重烤了还像点样,挺香.服务员比较250啥也不懂.餐厅外是花园风景不错,餐厅里桌子凉椅子凉暖气凉,大冬天的实在是太不人性化了
"
"1888231","很喜欢他家的串。 很给力。。大盘鸡很不错。 
还有他家的鱼头豆腐汤 很大盆。 
基本两个人就点一个热菜一个素菜一个汤就够了
串什么的 5块还是6块一串来着 很给力呀很给力。
酸奶也不错 还在他家买过一箱空运的哈密瓜 当年是80 里面2个
不知道现在多少钱了
"
"1888231","某GG请饭饭，中午去的，
地处僻静，据说是是家宁夏菜，纯绿色哒，
GG狂推了一例汤，口感不错， 点了份雪梨奶昔，一般，
青菜的口感都不错，很有天然的菜根香，
"
"1888231","红柳烤串果然名不虚传，好大快的肉，而且一点不腻，大快朵颐；
哈萨克土豆片口感超好，有种不属于我常吃的菜的香料味道，能接受；
碎肉拉条子，真棒，肉做的又香又不油腻，拉条子偏硬，有嚼头；
大青叶鸡蛋汤，中规中矩的鸡蛋汤，很配这些比较肉的菜；
酸奶么，因为我吃过自己用酸奶机酿的，酿的好时候也这口感；
还有个盐水羊肝，就很一般了，没以前吃的好吃，有点老有点硬。
总的来说，价格不贵，物美价廉，在药物园里，环境自不必说。
"
"1888231","我怎么吃着那么好吃呢。
菜量很大，两个人，点了一个大盘鸡（小份儿的，58米），豆豉油麦菜，两个烤包子，一个什么汤（用小壶装的），两个烤羊腰子，两个酸奶。
大盘鸡有点辣，但是很香，尤其是下面的宽面，味道浸的满满的，比土豆和鸡都香。
烤包子第一次吃，里面是葱头和烤羊肉的馅，特别香。
别的都挺好，只是点了酸奶一般都要配蜂蜜吃的，蜂蜜要五块钱一碗，实在有点贵。
但是很喜欢啊，两个人没吃了，把剩下的大盘鸡打包了，量很足，打包还装了两个饭盒。
超赞。。。。
"
"1888231","老板是一位正宗的新疆大叔，带着新疆的帽子，里面的服务员也是新疆的，有些都不会汉语。
大盘鸡的味道一般，量比较大，但是太辣了，不太适合吃辣的人。
烤串还是很给力，肉很多，也很嫩，冒着油，吃到嘴里，别提多爽了。
炒片感觉番茄酱放得太多了，颜色很红。
"
"1888231","很隐蔽的一个地方。。。。不过酒香不怕巷子深
一大帮人去吃的，偶没有付钱，没有点菜，不知道价格。
羊肉串：用什么杨木串子的，咸了点
薄荷叶做的凉菜：还可以
烤包子：很不错哟，可以试试
羊排:单吃没有味道，就是酱料怎么蘸都蘸不匀，一块胡椒粉，一块盐巴
玉米汁：温温的，蛮好喝的
后来大家还买了一箱哈密瓜，还有一箱梨子。据说是新疆空运来的，还没有吃
嘻嘻
还是很有特色的饭店呢，口味蛮有新意的
"
"1888231","在研究所内，看起来就好像是研究所为了这家餐馆建的。
老板是一个叫买买提的俄罗斯族大叔，对客人非常热情，就像老朋友一样，会爽朗的和你聊天，和你欢笑。
去的原因是爬了一天的山，特别饿，所以就点的多了点，光是红柳烤串就每人吃了4个，还有羊肉串等，大盘鸡的味道不如新疆驻京办，这一点我们也和买买提说了。馕包肉味道不错，哈萨克土豆片味道感觉也不错，但是给我一行人留下印象最深的还是红柳烤串，每咬一口，肉汁满口，醇香多汁，再就着冰镇啤酒，那种感觉怎一个爽字了得。
"
"1888231","6个人吃了整500元~青岛啤酒很有特色，是鲜啤~
羊肉串要的铁签，20串，那一大堆肉。。。妈呀~
过油肉拌面：里面的过油肉特别嫩，还有西红柿不知道为什么那么好吃，面很劲道~
手抓羊肉46元吧：连里面的胡萝卜都有肉的香气~
卡瓦包子：6个一分，其实就是南瓜包子~
石榴汁：小玻璃瓶，开启之前倒过来拍一下就ok~我觉得挺好喝，姐说有药味~
大盘鸡：我们要的小份，上来好多，面也好吃~
酿皮：特别劲道，里面的面筋尤其好吃，而且分量特足。。。
皮拉红：红红的，里面有洋葱，青红柿子椒什么的，我觉得挺好吃的~推荐这个凉菜~
菠菜杏仁中规中矩就一般了~
琥珀桃仁：我对坚果不感冒，姐吃了一盘~
总之，菜品不错，分量很大，人很多，有点嘈杂，但吃的就是那好爽劲儿！哈哈~
"
"1888231","就在学校旁边的药用植物园里，主要是新疆菜还有很多药膳，新疆菜的价格还在可以接受的范围里，但是药膳就贵得可以了。酸奶很不错，很稠，有点像豆腐脑
"
"1888231","清真风味中档次较高的，至少价格上是这样。其实菜式不多，毕竟是清真的，很有限，感觉所有的菜吃起来都差不多。
药膳是特色，不过非常贵，也不知道是否有那么神奇。
环境不错，在药植园里面，绿树流水，让人心情舒畅，胃口大开。
"
"1888231","和朋友两个人来 
朋友是常客 说他们家烤肉很正 烤肉的新疆大爷人也特好 
可惜来的时候 大爷回家去了 
门口有个欧式的裸体喷泉。。。 
店里面感觉是老式的中餐厅的布置。。。。
中间是些圆桌 感觉还可以承接婚宴之类的
适合热热闹闹的聚餐 情侣约会的话会嫌嘈杂吧 
坐的是靠窗的位子 外边是小池子 小亭子
但是有一种无力的萧条感。。。。
 
朋友喜欢养生 点了 炸紫苏 小炒鹿肉 功夫茶 酸奶 羊肉串 还有什么银丝汤
炸紫苏是完全的功能性菜 完全不能从味道上去评断 几片薄薄的紫苏叶子上裹着厚厚的面 炸得金黄 再蘸酱 说是药膳 觉得好不健康
小炒鹿肉 巨好吃 鹿肉被切成2cm见方的小块 一口咬下去 不像鸡肉啪的散掉 也不似牛肉般难以驾驭 鹿肉的第一感觉的韧 那么韧 但没到费力的程度 然后是嫩 那么嫩 虽然是简单的炒出来 但是觉得任何复杂的工序只会埋没鹿肉的天然的美感 这道菜纯粹是吃鹿肉的肉质 太赞了
功夫茶 说一壶 结果那个壶还没一个杯子大 好吧 是我没见过世面
酸奶 额 一般吧 有点酸 有可能是我不懂欣赏
羊肉串 肉都很厚实 主要跟鹿肉比起来 就太逊色了
XX银丝汤 忘了是什么了 没什么味 偏重养生
"
"1888231","我在绿色楼兰吃过的所有的菜，印象都不错．囊包肉＼炸紫苏超赞，我一个人就吃掉了整盘的三分之一，撑坏了！只是酸奶太酸．
"
"1888231","比较喜欢自制酸奶，味道比较浓，助消化。
大盘鸡的味道比较好，土豆吸收了鸡肉的香味，最爱的是垫在盘子下面宽宽的面皮，每次都喜欢先吃它，劲道，味足。
这里的羊肉串很好吃，请客自用一定要点的，肉多且嫩，很香。吃不出红柳烤串和普通的有太大的区别，图实惠就点普通的。
烤包子吃过一次，有点不适应那股膻味。
每次还会点鱼腥草，贵州和云南饭馆的鱼腥草是以根入菜，这里是以叶入菜，吃了羊肉再吃点鱼腥草不会上火。
油囊还比较好吃。
吃过饭到药植园里转转，边赏风景边消消食，很不错滴。
"
"1888231","北京下第一场雪的时候去的，我们去得早，大厅里没人，事先订包间，坐在屋里，看着外面的小桥流水和纷纷扬扬的雪花，吃着美食，心情极好。
推荐酸奶、红柳烤串、李鸿章乱炖、馕，馕包肉不太好，馕太硬，点了一个馕坑烤羊脊，也不太好吃。其实酸奶不放糖和蜂蜜，慢慢品，也很好吃。我们去了十几个人，所以点的菜挺多的，有人饭后评价说是一菜一味。很好。评价很高吧。我们吃完出去时，发现单间都满了，大厅也都是人。看来真是不错，多大的雪也挡不住人们品偿美食啊！
"
"1888231","朋友聚会约在了这里.以为在药用植物园内会是浓重的药膳,还好,把新疆菜与药膳结合了起来.
绿色楼兰的招牌就在路边,开车很容易找到,停车也很方便,有多路公交车,但是打车就不太容易了,尤其是晚上九点以后.
因为到的比较晚,所以没有赶上点菜,一道桌的菜都已经摆上桌了.包间的环境还不错,空调也很到位.
大盘鸡味道好极了,羊肉串肉很磁实,吃起来很过瘾,酸奶我喜欢,藿香的叶子炸得金灿灿的,还去火哦~
"
"1888231","属于清真的。
在药物植物园的里面。
老师请吃饭，去过几次。
环境不错，还有一些药膳呢。
就是价格有点贵，一般的聚餐，还是去其他地方划算。
呵呵，
总体来说，还不错。
"
"1888231","去过一次，还把一个同学喝进医院了&&不堪回首啊&&
在药植园里，周边的环境没的说。我们是在大厅吃的，感觉里面很一般，我们找了个大桌，点了很多烤肉，印象最深的是一种用树枝串起来的烤肉，量很足，味道不错，吃起来很爽，感觉很野性！还吃了大盘鸡，后来大家很饿，又要了烤馕，很赞！
宿舍一哥们因为太饿，狂吃，然后狂喝，结果急性胰腺炎住院了&&哎&&说明他家味道还不错&&
"
"1888231","感觉菜做得不如新疆饭庄，不过环境要好一些，还有维族老头抱着琴唱歌。餐厅后面有个庭院，设计得很雅致。吃完饭可以在药用植物园里溜达溜达，虽然没什么可转的。。。
"
"1888231","跟着BF蹭饭去的，离农业大学西校区很近，在药植所里面
饭店很舒服，建在药植所里面，感觉很安静和干净
就是菜都挺贵的，大盘鸡味道还凑合
酸奶不好喝，囊包肉还有红柳烤串都挺好吃的
吃完浑身有个羊肉味哈哈，以后有人请客再来
要不太贵了
"
"1888231","不得不说酸奶的质量没有以前好了，就像是一大坨面粉糊糊，喝的我很痛苦还要只要了一碗。
烤包子除了咸点其他都很赞，最爱的是他们家的富贵紫苏鸭，酱汁很特别裹上有香气的紫苏叶不得不说是我在绿色楼兰里面吃到的最满意的菜了。大盘鸡的味道很稳定没什么变化当得起招牌菜的名号。
以后有空还会来的~~
"
"1888231","厄···作为一个新疆人来说···觉得这里的口味在北京来说还算可以把···比其他餐厅要好···但肯定还是不够正宗···环境倒是还可以···还有一个阿达西表演弹唱什么的···凉皮还不错···其他没有什么推荐了···
"
"1888231","药用植物内有免费停车位，车位也很多，很方便
羊肉串很有特色，超级大串，价格也很贵，木签子是红柳木的，铁签子的稍便宜一点，建议一次不要点太多，一是吃不了，而是容易凉；
环境一般，冬天的时候挺冷的，包间也挺一般的，服务还算可以，还有一新疆的大叔在拉手风琴，然后有人会跳舞什么的，气氛还不错；
酿皮的问题还是很地道的，推荐给大家；
暖奶挺原汁原味的，怕酸的人得加蜂蜜（单收费5元）和白糖；
凉拌肚丝，过油肉拌面和烤包子的味道也还不错；
干炸牛肉（有点不记得，下次去更正一下），做的跟加沙似的，有点老了，不是很好吃；
其他的有点记不住了，下次补充
价格明显涨了，价位比较高，但是比较地道的新疆饭馆
"
"1888231","春节家庭聚会在这里，提前定了包间，可以看到院子里的景色（春天满眼绿色会更养眼）。李鸿章炖菜（好像叫这个吧）味道很正，赞。大漠馕坑烤鸡88，很入味，炸紫苏很新鲜，囊包肉还是值得推荐的。玉米汁68一扎，小贵，但比其他店浓。白云萝卜丝，刀工不错，而且也吃不出白萝卜味了。
"
"1888231","餐厅名顾名思义为新疆菜系，囊不错，分油囊和白囊，各有特色，都很好吃。羊肉、大盘鸡都不错，还有酿皮，和凉皮似的。节日还有歌舞呢
"
"1888231","餐厅位置是在药用植物研究所里，家里面聚会去过两次。
餐厅环境不错，服务态度也挺好的。
凉菜有很多小野菜，有的口味比较怪。
烤羊腿什么的，味道也还不错。
其他没有什么特别印象了，有点小贵，幸好不用我掏钱，呵呵。
"
"1888231","新疆口味，而且在药用植物园里，很难想象会是怎么样的口味，哈哈~~
话说那天去的时候还有点儿晕车，郁闷啊，本来想好好吃的~~~不过貌似倒也没影响吃饭。。。。
我们就两个人，一个能吃的领导和一个不能吃的我，点的跟新疆口味没什么关系，一个木耳炒山药，一个牛肉，一个虫草的鱼翅捞饭，基本上是够了~~
木耳山药很清淡，主要是比较补~~
牛肉做的很不错，特别的嫩~~
虫草的鱼翅捞饭，恩，不错，够味！当然，价格也很猛。。。。
店内的环境不是特别好，毕竟新疆风味的，人比较多，但是服务还凑活，里面有一个卖虫草和药草的店，基本不会在里面买吧。。。。
吃饱喝足后可以在药用植物园里小溜达一下，空气不错~
停车的话如果不是饭点儿，还是比较多哟~~
"
"1888231","西北风味中算是不错的，大厅的就餐食客较多，包房的环境一般吧！
烤羊腿挺嫩的，外皮酥脆，蘸上小料，不腻！
烤包子做得挺新疆的，有点膻！
烤串也挺嫩的，8元一串！
老人过生日，还送长寿面，并且有个新疆老人拉着手风琴唱生日歌，有意思！
"
"1888231","听朋友推荐，就选择去那里了。
因为有朋友之前去过，所以我们直接点了那里好吃的菜。酸奶算的上是那里的特色了，自制的，很稠很香。
大盘鸡也不错，还有羊肉串，很大的一串，胃小的人吃一串估计就够了。
总之那里挺有新疆风味的。
最值得一体的是，我们去的时候有新疆人在弹琴唱歌，歌声伴着美味，感觉很好。
"
"1888231","这家餐厅挺特别，建在药用植物研究所里～～
    很多少见的菜，MS很多是药膳～所以每次来就是为了换换口味～而且很喜欢这 环境，很干净的说。在这吃饭很舒服～
    不过说真的，这家的确蛮好吃，好象是新疆人开的吧。主要菜的做法、味道很特别。别家少见。菜谱很厚，选择超级多，感觉分档次的。有的很贵，有的还好。像我们没钱的，就点点便宜的咯～特点是菜量很少，可是主食和汤给的超多。。。
    说道主食，，拉条子（西红柿鸡蛋卤）超好吃！！～！还有馕也很赞，一定要吃油馕！！我吃过他家其他的都不如油馕好吃！5元一个超大个！
    还有烤串，一定要吃竹签的！也很好吃啊！！
    基本我怀疑这家吸引的都是回头客吧，总之很有特点，值得一偿～
"
"1888231","这地离家不远，昨天一家去的，感觉他的烤羊腿做的很不错，香！羊肉串也不错，看以前的点评，也点了红柳烤串，但感觉和羊肉串没什么区别，没觉得特别的好吃，可能个人感觉不同吧。晚餐时服务员有点少，有时候忙不过来，不过态度还是不错的。个人感觉，值得再去。
"
"1888231","很喜欢到这里来吃饭，是一家蛮有情调的小店，看看名字就知道了哦，这家的兰楼酸奶很好喝，还有这里的红柳烤串味道也蛮好。
"
"1888231","和老公去过2次了，第一次吃的是炒烤肉、羊肝、馕包肉、烤腰子、鸡蛋炒丝瓜、酸奶。总体感觉还可以，酸奶如果不加蜂蜜，是我喝过的最酸的酸奶了。羊肝还不错，醇香的感觉。烤腰子很肥腻，味道不错。第二次也就是昨天，点了葱爆羊肉、鸡蛋炒丝瓜、烤包子、过油肉拌面、烤腰子、囊、酸梅汤。这一次的葱爆羊肉同时端出来两盘，给我们的一盘明显的要比另一盘要少很多，菜的品相也很差，羊肉很老，不好吃。丝瓜炒鸡蛋，丝瓜的土腥味很浓。过油肉拌面，老公要的小份的，上来一看，还真是够小的。这个味道还不错。点单的时候，先点了烤包子，服务员面无表情的说：不是现烤的，是微波炉加热的。我想了想，还是不要了吧，就点了个囊。后来看边上的桌子上的烤包子，貌似很诱人，还是点了2个，这个很好吃，里面的羊肉是大块的，包子皮很薄。喜欢这个。酸梅汤味道还不错，看起来比较浓稠，老公一个人喝了很多呢。以上吃完，还等了会儿，我们点的烤腰子还没上来，看了看时间都快一个小时了，烤什么要这么久呀，后来老公说不要了，这边说不要了，那边就说烤好了，鉴于我们俩都已经吃饱了，还是给退了，不要了。结完帐，和老公说了句：菜品性价比不高，不再来啦。
"
"1888231","不错的地方，场面很大哈哈~~去百望山玩儿回来中午在这边吃的饭。感觉很不错。最爱烤羊肉串啊，很大一串，味道超赞。烤鱼味道也很棒，就是偏辣些。总之很喜欢。以后还来~！
"
"1888231","部门聚会在这里吃的，吃得很过瘾啊。肉串上的肉非常大而且很嫩，推荐山药炒年糕，色彩清新，山药脆脆的年糕很有韧劲，口感很好；他家的菜每次去都很满意，色彩搭配的也好，味道也正宗，就是小贵哇～
"
"1888231","地方很隐蔽啊 怎么会开在植物园里面呢
用餐的有很多穆斯林 看来口味确实正宗
吃大盘鸡最爱里面的面 可惜这家面很少
馕包肉不错 羊肉的品质很好
过油肉拌面也好吃啊 其实一人一碗面就够了便宜又顶饱
吃完还能在植物园里转一转晒晒太阳 心满意足～
"
"1888231","药用植物所院内，环境倒是挺幽静的。
1。 7个人，消费了580多元，冲着这个价钱以及口味，感觉很失败。
2。 羊肉串倒是很好吃，中间吃完又加了10串。
3。 囊包肉没有传说中的好吃，肉吃着没味，不新鲜，很失败。
4。 另外单点的馕倒是很好吃，香脆可口。
5。 番茄牛腩太太太太太贵了，一个中号瓷碗，要了我68元，心疼死了。
6。 鱼籽杂粮包，里面的鱼籽太难吃，基本没人吃，倒是杂粮包吃完了。
7。 小盘鸡里面几乎没有几块鸡肉，全是土豆和骨头，都说好的菜肴要色香味俱全，可是他家这个菜，几乎是乌灰色的，一看就没食欲，更别想有香味了。
8。 服务很差，包间那一排的整个楼道里，就看见一个服务员。
9。 包间的圆桌有最低消费（貌似是800吧，我们没有坐圆桌，坐的四方长桌，两边相互够不到菜。）
10。 再也不会去吃了。。。。。。。。。。。。。。。。。。
"
"1888231","去的时候人好多啊，服务员都管不过来。酸奶很好喝，配上蜂蜜，正好解大盘鸡的辣。鸡肉很劲道啊。不满意的就是在有道菜里发现一只很小的小飞虫，胃口都被弄没了，后来重新做了一盘。烤包子膻味很重啊，貌似周围的人吃得不亦乐乎。店里还有从新疆空运过来的水果卖，挺有特色的一家店，以后还会去的
"
"1888231","羊肉串好大一串，口味不错，相对于价格来说，也算物有所值，稍微有点小贵。
红柳烤串没什么特别的地方，不过也很好吃，比一般的清真饭店环境要好很多。
"
"1888231","坐落在植物园内，没有指示的招牌，有点装神秘的感觉，但确实是挺有名气的店，每次去生意都很好的样子
实验室两次聚餐都在这里，大家都很喜欢这家店，属于档次比较高的新疆餐馆（不是学生消费得起的地方）
据说是很地道的新疆菜，味道的确很好，但要是自己掏银子去就太贵了，谁叫咱还是穷学生呢？
忙着应酬，只记得羊肉串和烤羊腿很好吃，辣辣的，适合咱四川人的口味
"
"1888231","新疆老大爷灰常热情^^　迎来送往，能弹会唱~~ 他家的厨子也是新疆的，所以味道很好~我们俩人五盘菜吃个精光^^羊肉串那大木头签子，太给力了!!!
环境在新疆菜里也算好的，比驻京办人少而且亮堂~ 因为在药用植物园里，他家菜的特色也是各种药膳。
美中不足的是服务。。。服务员实在太少了，后来发现不是很少，但可能不够热情，走路不怎么抬头，叫也叫不来~ 上菜稍慢，一盘吃完，另一盘还没上。。。改进改进~~ 还回去的^^
"
"1888231","老公外婆家住在边上 第一次见这个还以为是什么建筑 晚上就金碧辉煌的 它位于药植所里 环境就没得说了 第一次去里面吃饭是姥姥过生日 菜的味道还是不错了  就是有点小贵 羊肉串大大的一传  太诱人了 但是对于我这种好吃肉的汉民还说 一顿饭要是没有猪肉  还是觉得吃的不过瘾
"
"1888231","听这名字就觉得很西域，没有订上标间，在大厅吃的，才的口味不错，大羊肉串真是给力啊。还有新疆老爷爷很放得开的唱歌表演。其实出去外面走走也很好，花期的时候药植园里很漂亮。
"
"1888231","同事孩子满月酒在这儿吃的，环境不错，羊肉串儿很够分量，对于不能吃太腥的我来说，辣味的烤翅味儿不错 没喝到酸奶比较遗憾
"
"1888231","实验室师兄请客去的，很正宗的新疆菜，羊肉串很不错，肉很大块，吃的很过瘾。地方环境也很好，服务也很周到，是吃新疆菜不错的地方
"
"1888231","在一个什么生物基地里面，不太好找~~公司总监请客！他是常客！
肉串很大，味道很正宗！！！
总的来说，肉多，主食多！毕竟是新疆馆子嘛~~
可惜对于我这个女孩而言，吃不了太多~~有个葱头炒蘑菇丝，有点奶油味，味道特别好！！！
酸奶没有尝到，想到要的时候已经吃不了了~~听说很正宗
"
"1888231","去过3次，每次去感觉都不一样，最难忘的是考囊和大盘鸡，真是爽啊，分量那么大，烤肉串也分量十足，马马虎虎称得上是靠羊肉串，性价比稍微有点高的说。不过味道真是不赖的说，清真菜吗，好吃的没得说，每次去都看烤肉大爷一个小帽子在那里工作，，哈哈好的
"
"1888231","红柳烤串非常有特色，用红柳枝子当签子，所以烤串吃着有一股清香，不腻口，每次必点。
酸奶也是每次都喝一碗，加点蜂蜜，醇厚。
西红柿鸡蛋拉条子，小份，也是每次都弄一盘子。
其他的正经菜品也不错，大盘鸡啊，李鸿章浓汤啊都不错。
"
"1888231","挺好的    我最喜欢的  是  楼兰酸奶   嘿嘿
环境还可以    喜欢店里的老板   会和客人聊天 很自然的  感觉
我不吃羊肉  不过据说 朋友说  哈   挺好吃的   
下次有机会再来的
"
"1888231","店面不是特别的大吧不过每次去都有好多人啊！
这里的东西性价比不错，挺好吃的，烤羊肉烤的火候正好非常的香，吃的很满意！
"
"1888231","地方很隐蔽，开在植物园里面，还好住这边，朋友请客就过来了。
可能因为是受植物园的熏陶，菜名都沾着药名。看着菜名感觉很清新。
朋友点菜也是与药不离身，凉拌鱼腥草之类的，不过味道很怪，一般人接受不了那个味吧。
山药兔肉很不错。养生饺子最好，两种颜色，看着就很开胃。
"
"1888231","素菜比较贵，肉菜比较实惠，地方比较隐蔽。最爱吃它那里的馕。朋友聚会还是不错的地方，消费不算低。可以刷卡消费。爱吃肉的去吧。
"
"1889089","爆料了，年初五和家人去西塘回来，请爸妈还有奶奶到这里吃饭，结果吃出一只虫来，小姐还很无所谓的样子，说不是已经给你们免费换了一份了吗，最后拉掉了零头8元。
"
"1889089","鸡公堡还真没吃出哪家有什么区别的来，这家在B1里面又算不上有性价比，关键鸡公堡每次都会毁灭衣服，唉。里面的鸡放的又少，不喜欢，还不能刷卡，更不喜欢，B1就没一家能刷卡的店，这是为啥啊
"
"1889089","味道是可以的，
但是性价比很差，
煲比外面贵的不少，
唰菜也是贵得很，
量也是很少的，
实在是很差的。
"
"1889089","国庆第五天，结婚两年日，在家数天实在闷的慌，今天出去兜一圈唠～～～
先去七宝买了点土特产，然后老花头老方向FOXTOWN飞洲国际店报到一下，晚饭时分！
地下一层寻觅一番，实在没什么特色，实在没什么好吃的，哎～～～
兜了一圈，第二圈我本来决定吃铁板烧，老婆说还是鸡公煲吧，哦，YES MADAM！
他家生意还不错，敞开式的，三四排座位两两紧挨，隔壁谈话声音清晰～～～
开始点单了，本来想吃牛腩煲，没想到没有啊～～～只有鸡和牛蛙，有点昏倒～～～
没办法就鸡公煲凑合了，他家分大、中、小，价格都凑整数了，点了个中煲30元，他家另加小菜，2、3、5类别，俺们加点了三个素菜，2元类的，大白菜、粉丝、厚百叶，俺又加了一碗白饭。吃这东东肯定要有饮料去去火，而且最好是冰的，菜单上勾了5元的雪碧，没想到拿来的是一听，要求换大大的～～～
开动了，中煲不多久就上来了，看上去还是蛮多的，鸡角两只、MD，没剪指甲，不讲卫生；
鸡颈诺干，没去皮，不灵；鸡小腿还有几块，不过明显没锻炼过的小腿；还有些零零散散的鸡骨头还算凑合！不过感觉少了点什么，吃了半天才发觉少了俺爱的土豆啊，哎，失败～～～
加点的2元类，中规中举没有特色，一并扔下随便吃吃～～～
加点的白饭1元/碗，硬是硬得来，哎～～～～～
最夸张的就是那瓶大瓶雪碧，买单和俺说52元，我吓一跳，没吃什么啊，问了雪碧几钱，MD，居然和我说15元一瓶，只有1.5L，而且菜单上只写5元的，坑人，真是坑人，大家去的时候要小心了，哎，还不如一人来瓶王老吉！
没办法，徐家汇啊～～～不宰你宰谁啊～～～
"
"1889089","鸡还是蛮嫩的,酱调得不错
中煲30元,量不大~
涮得配菜上得很慢,就看着锅在那里烧啊烧,烧得都升华了
结果涮的时候非常咸~
服务员都懒洋洋的,一副不想干了的样子
"
"1889089","2011-9-27
   下班帮老公一起去找婚庆的，我中饭没吃，饿是饿的来。。。
   然后就近飞州国际下面找家吃吃~~本来我想吃的清淡些的，结果嘛他看到鸡公煲了就进去了！
   一个鸡煲中煲微辣，再配点蔬菜！
   底料味道还是很好的，鸡也很嫩口。加了一块钱的料后来下蔬菜吃~
    味道不错，环境蛮差的，吃的一身汗！
    混身都是那个味。。。
    可悲的是回家脸上就发了几个痘痘，可见有多上火啊。。。
"
"1889089","让我随便找个地方先坐下，走了一圈，也没有看中意的
就随便要了张菜单，都没注意到这里是吃鸡公煲的，真随意哈~
本来要了小煲，服务生说只够一个人，于是点了中煲
【鸡公煲】---中煲30元
很久很久没有吃过鸡公煲了，上次吃是2年前吗？？
味道，嗯，没有让我觉得很好吃或者很难吃，应该属于中游
3、4、5、6元的配菜，没想到还点多了，点的菜结果吃不下
估计两个人50以下肯定够了
属于价格实惠解决温饱没有问题
"
"1889089","某只吵吵着要吃鸡公煲于是去了一直都没去过的这家...
点了微辣的鸡肉中煲，量还算足，味道也还可以
这家的鸡公煲用的是固体酒精炉，所以每烧开一次都很费时
我们旁边点了大煲的那桌，等了足有20分钟才看到烧开
比较纠结的是每次过去都看到有人排队...
吃下来感觉倒也没怎么特别...随便吃吃还是可以
"
"1889089","环境很简陋，大排档的感觉。
每次都点中煲微辣，总体来说味道还是很好的，肉也蛮多，就是另外点的配菜量真的很少，一盆木耳就那么几个，冬瓜切得超薄，都快透明了。
不过看在锅底味道不错的份上也去吃过好几次。
"
"1889089","鸡公煲么，就是这样的，很少有环境好的，这家也是不例外，哎。桌子和桌子之间零距离，每个桌子都有一个跟课桌一样的抽屉可以放包，我把包放进去的那一瞬间，真的感觉回到了课堂上，大家排排坐。。。
不过味道呢，我觉得还是不错的，很入味。可是酒精灯真是急死人，慢慢的小小的火，哎，煮了好久，连个泡都没有，好几次我都忍无可忍让服务员端下去煮开了再给我。
至于配菜嘛，我强烈推荐粉丝，煮得也快，糯糯烂烂的，很有味道呢！
"
"1889089","很久沒吃雞公煲了，逛完foxtown準備吃晚飯，臨時想起吃的。
口味都差不多，2個人點的中煲，中辣。
看別人的大煲就覺得還是大煲划算些吧。
服務態度蠻差的，服務員都不高興走動的，要自己扯著嗓子叫。
"
"1889089","昨天和妹妹去吃的，味道还不错，我们的口味都重，所以还是比较满意的。
就是那些单点的菜，分量好少哦，年糕才有7片，燕饺一份5元只有5个，哎......
最不好的就是吃完之后，全身都是味道，哈哈，都不好意思去逛了。
"
"1889089","我可是他家的常客，最主要公司就在附近，地段又好，平常想不出吃什么的时候就会选择吃这里的鸡公煲。
口味么见仁见智了，反正我觉得还是不错，感觉东西挺干净的。就是最近的量越来越少啦，这样会失去很多回头客的，店家可要注意哦！
"
"1889089","这是吃第二顿吃的， 在赛下满肚的匹萨后，再看见这家，但还是冲了进去，这个家 终于是一家不叫重庆鸡公堡的人家了 那里的锅上的很快 味道很入味 30元的中锅量也蛮足的 但是个人觉得那里的菜的量就显得较少了 不过吃的地方是开放式的 旁边走过的人都能看见你在吃什么这个的话 有点不合适
"
"1889089","鸡公煲满好吃的，不过好吃的有限..这家也一样
中煲就足够两个人吃得了，料不少的
记得第一次吃鸡公煲是在吴江路上，有惊艳的感觉...现在这种好吃的感受好像只能维持五分钟哦，在吃下去都不过如此的。烫菜比较辛苦，因为汤汁很快煮干,烫别的菜还是吃火锅爽阿..
主要是地下一楼空调不足，所以吃得热死了...
价钱不是很清楚，最后结账发觉满便宜的...
"
"1889089","动作实在超级慢，明明是12点点的。。。非要等到12点半才上，还退说牛蛙要先杀，真是很奇怪，难道要杀30分钟吗？服务太不好了
"
"1889089","2008－11－02
逛了好多圈，别家的店都要排队，看看这家不用排队，就选他拉，嘿嘿
中等鸡公煲30元，里面的鸡还蛮多的，另外还点了冬瓜、小香肠、大白菜（他给我的却是卷心菜）、宽粉条、油面筋～～～米饭是一元一碗地～～～～
感觉这个东东比火锅好，人少的话吃这个绝对灵哦～～～
吃饭期间加了两次水，但是最后的汤还是很浓的，冬瓜放在里面煮过之后很入味～～～
其他的都还好拉，就是位子有点小～～～
"
"1889089","因为要去FOXTOWN逛逛，朋友想吃鸡公煲，就在那吃了，点了一个中锅是30，他们家的菜好少，又不便宜，鹌鹑蛋要五元，才六个，其他菜也是小盆，好迷你的，冬瓜也只有几片，加入水有点淡要点鸡的汤，说也要付钱的，味道也不怎么样，还不如外面的好吃
"
"1889089","价位倒是很实在的，三个人，点了个大锅，吃了一堆的菜
居然一共才71块钱，不过我们饮料是隔壁自己买的鲜榨的。
总体来说性价比蛮高，味道么，跟其他鸡公煲比我也没觉出优势来
"
"1889089","鸡公煲特价很便宜，中锅才30块钱，味道么个人觉得一般般，没有其他那种连锁店的好吃，不过么也就随便吃吃了，以后去那应该会考虑其他的，服务还是蛮勤快的。
"
"1889089","空间很挤的 
店铺在地下一层  所以空气不流通
再加上吃的很热  
我记得我吃好后脸通通红 热死了
味道还可以把
"
"1889089","不好吃,量超级小!!!
我们两个人点了个中煲,吃两下就没了,估计连4分之1得鸡也没有得.
和云南路那个不好比得.
其他得菜就不说了,因为便宜,量少,还能接受.
可是中煲得鸡那么少,不能接受!!!
服务态度也是,虽然是小店,但也没有那么爱理不理得吧??!!
小姑娘还在那边公放手机歌曲,都是刀郎那款的~~~
结帐的时候,旁边一桌还有小强经过,引起一阵尖叫~~~
要不是其他地方mountain people mountain sea,本来是肯定不去的.......
"
"1889089","在地下一层中间 地方不大 
鸡公煲的味道都差不多的 要的鸡蛙煲中煲 40块 味道还可以的 点的重辣还是蛮辣的
就是吃着发现里面菜多于肉
涮的配菜3-5块 分量不多 但好像鸡公煲差不多都这样了
服务不好 催菜催酒精要叫好多遍才有人理你
"
"1889089","本来想去云南美食园的，后来没有带优惠券，我现在有个怪癖，凡是有优惠券的店家，我没有的话，就不去，凭什么人家都便宜，我不能啊，嘿嘿嘿～～～还好没去，发觉4/4开始，这家优惠力度又增大了，下次下载好再去呢
特别想吃鸡公煲，其实星游城对过就有的，我突然想到飞洲下面的川亿有优惠券的，所以只能舍近求远了
优惠券其实就是送五元的饮料，菜单上五元类的都可以选，我们选了一罐雪碧，要了鸡蛙中煲(不辣)40元，这里的配菜是1元3元5元的，没有牛羊肉之类的
这家锅底的调料味道不错，加水以后变淡了，可以加一块钱买份调料，发觉鸡蛙煲没有鸡煲划算，同样大小贵十元不说，鸡和蛙的比例基本二八开，还不如要个鸡公大煲吃起来爽呢
环境较恶劣，吃后身上一股味道，讨厌真讨厌，生意还真是相当的好
"
"1889089","这家的鸡公煲还算是不错的了
生意还蛮好的
鸡公煲满入味的，肉也比较嫩
随意吃吃也马马虎虎了
价格也不算贵
"
"1889089","敞开式的环境，座位不是分配好的，还有个不讲理的外地女人抢位子，嘴里嘟囔让不让人吃饭，素质绝对太低了~
等的时候太久了，饮料都喝一半了才上，鸡煲上来上面全是鸡，卖相蛮好的，味道有点咸，还算不错，牛蛙煲没有鸡煲好吃，粉丝蛮好吃的，小碟的贡丸太少了，就五六个
"
"1889089","那阵子狂迷鸡公煲，把家啊公司附近的鸡公煲都吃了个遍
好吃的自然不在话下，不好吃的也总结了几个特点
这家嘛，有个好的就是锅子不算小，但东西不多，然后为了充数，填了很多配菜进去
呵呵，这倒有点对我的胃口，这是我的小怪癖吧~
但其他的烫菜既不便宜，量也不足，连位子都很小的，服务员也懒洋洋的~
"
"1889089","很小的一家门面，座位也不多。和几年前吃过的一样，口味没变！量足！味道也好！价格也公道实惠。
配菜也很新鲜。其中一位年轻的服务员小姐，一直面带笑容。
两个人吃到撑，60元。
"
"1889089","桌椅神马的都换过了，比以前要稍微整洁点，仍然很拥挤。
来得比较早，在我们之前只有一个女的占了张桌子在等人。
中份鸡公煲(30元)
不识相地要了重辣，刚开始还没什么，结果到后来开始来劲了；
鸡肉少但很嫩，鸡骨头多些，味道还是蛮不错的，口味很重啊；
把部分红辣椒都夹到盘子里，加了两三次白汤，还是又鲜又辣；
汤拌饭吃得可快了，居然断断续续要了四碗饭，嘿嘿&&
点了大白菜(4元)、厚百叶(4元)、冬瓜(3元)各一份，涮着吃。
本想点小煲，经服务员游说上了中煲，吃下来感觉小份足够了。
"
"1889089","同学带我来吃的 以前来飞洲都没在这吃过 因为是开放式的而且油烟味有点重
不过吃的味道倒还不错 吃了鸡蛙煲 烧得挺入味的 蛙比鸡好吃 
还叫了很多素菜 同学小聚吃吃氛围挺好的
就是环境如果能再改善下就更好了
"
"1889089","BF想吃鸡公堡很久了，上周去味之都看到有鸡公堡，点了一个，结果味道很不对路！昨天就去飞洲尝尝这家的味道，看名字和招牌有点儿像山寨的哦。。。呵呵，不过人气火爆，地段好啊~~
环境实在不咋地，位子很小，人多了还要拼桌，头顶有大风扇，有点儿像某些食堂。。。
不知道是不是因为之前被味之都的鸡公堡打击了，要求降低了的缘故，我和BF都觉得味道还不错哎~中煲28元，肉还蛮多的，不过让他加一份芹菜在里面，端上来却发现都是芹菜叶子= =|||我们要了中辣，就已经蛮辣了~~又要了宽粉、生菜、金针菇等几份蔬菜和米饭，一共50块的样子~~吃的很饱。
在这里解决一下日常便饭还是不错的~~
"
"1889089","这家味道还可以的 不过我点了中煲 上来一半是头颈 全扔了 都是淋巴 怎么吃哦~
然后点了点菜 
粉条 年糕都很q的 很好吃哦 
再点了几个蔬菜 
配上米饭一起吃 还不错
因为赶时间 所以也吃的比较急 
生意比较好 一直在排队 等位子
"
"1889089","去foxtown逛累了随便吃吃还是可以的，和GF一般点一个小煲和一个中煲再就是一个瓶雪碧和2碗饭差不多60多点就能打发了，味道么就那样吧冬天吃还是挺爽的，热腾腾的感觉就是好，就是这家店小了点，其他的还好
"
"1889089","很久以前吃了的。with 妈妈
因为看到很多人在这里吃得眉开眼笑的，忍不住也来吃了。心里觉得肯定比外面小店要干净些吧
其实煲里面没啥特别的东西，我觉得量有点少，还有点贵，可能是因为地段的关系
"
"1889089","在非洲国际地下室一个小小的角落里。真得真得只能作为随便吃吃的地方。因为味道实在不敢恭维。环境又差。只因为地段好，所以人看上去蛮多的。建议如果实在逛街累了要吃饭，吃麦当劳都比吃他们家的鸡公堡要好
"
"1889089","就是很普通的鸡公煲店,人很多很挤,所以吃下来热死了...
锅的分量一般吧,肉也少,骨头多,味道倒是还可以``
配菜什么都还行,涮涮别的也不错``
但吃到后面咸饿...
就这样吧~没特色~也没什么不好~
"
"1889089","很普通的重庆鸡公煲诺~
就是比较方便罢了~
这里的位置还真有点凹鸟呢~坐在里面么太热 坐在外面么要被人看
不过还是很好吃的~小分20RMB 中分30RMB 大分40RMB
和丁丁吃了中分的
那里自己点的涮菜都不是很好吃的呢~有点小厌恶
早知道点个大分的 就光吃鸡就好了
要么就弄点蔬菜！恩！
"
"1889089","以前疯开的店，现在居然不是很容易找到的说。。。。
天冷了，想吃点热乎的，也想怀念下那个口味，所以选择了这里。
中煲，30元，MS蛮多鸡肉的样子，其实下面垫了不少芹菜。
要了微辣，但还是感觉辣来~~~~
点了写其他的配菜，感觉。。。量就那么点。。。。反正这个地段，这个价格，这个分量，也就这么回事~
"
"1889089","他们家的鸡公煲和别家的鸡公煲没啥大区别
不过他们家的酱料味道还是很重的，满好吃的
选择添加的品种少了点
价钱也不贵
服务态度一般，环境一般，位子都比较小
炉子是用干冰烧的，所以散热比较厉害，比较热
总体来说随便吃吃还可以
"
"1889089","以前就看到这家鸡公煲的人很多，所以这次中午特地来试试
点了鸡蛙煲    和一些刷的小菜
然后就是漫长的等待..........30分钟     才把煲给我们上了
而我们后面来的人      都是5分钟之内就上的 
欺负我们咯     
虽说是大煲     东西没怎么多     特别是鸡肉   都没吃到几块
刷的配菜可不便宜啊     根本就没多少     不实惠
因为是开放式的   商厦的空调开的没啥感觉   吃的热死了
最后我要对这个固体燃料表示一下怀疑    因为我被熏的眼泪都出来了
不知道是我的眼睛过于敏感还是这个固体燃料有问题
很一般的鸡公煲    没啥特色      没兴趣再来了
"
"1889089","跟妹妹逛Foxtown 陪她买了双鞋 然后到晚饭时间 小丫头特别喜欢吃鸡公堡 俺就看不懂了 有啥好吃呢 每次吃完都口暴干 身上又一股味道 所以虽然陪她吃了 但离桌子始终隔开段距离 吃了两块鸡 实在没兴趣 在我看来 这种东西全上海都是一个味道 哎 而且地方超级小 实在是有点放不开呀
"
"1889089","隔壁的悦荣大排长龙，最后为了节省时间去的那家。
感觉人气还可以的
没想到味道也真的只是还可以。。。
鸡公煲一般般般般且咸
米饭硬硬硬硬硬硬
"
"1889089","在飞洲国际上面扫荡后去的~~
已经饿得不行了。本来想去天钥桥路吃的，实在不高兴拎着这么多东西奔来奔去的。
看到这家人气还不错，就加入了。
跟一般的重庆鸡公煲差不多，但是有点点差别，比较辣，味道不算重。
这个地段，价格是公道的，怪不得这么多人来吃，B1基本上也该是午时的时候红火吧。
"
"1889089","很早前就去吃过了 。。但是味道真不怎么样。。有次正好是要看演唱会  实在来不及了便在这里解决了   不过后来记得当时后来发誓再也不来了。。。卫生不大好 。。
"
"1889089","跟MM一起吃的，第一次吃，鸡的味道还行，不过鸡块里乱七八糟的东西也是有些的，MM不吃鸡皮，我对这煲里的鸡皮也没好感。
提供可刷的配菜  根本就没多少 ，不实惠，而且盆子里水很多，老大，不能沥干再送菜嘛！    
生菜刷好后超辣。MM不吃，只好浪费了。
"
"1889089","味道还不错，里面鸡肉也还是蛮多的，中辣的有点小辣。。
其他东东么也就什么粉丝啦，菠菜啦，贡丸之类的，说不上特别。
觉得满入味的，又热腾，两个人随便吃吃能吃的很不错了。
座位有点窄，服务不灵，不过也算是对得起这个性价比了。
"
"1889089","大型演出或赛事时分，万体馆周围餐饮总异常火爆
周六的许魏今天，在熟悉的Fox Town解决晚饭
B1餐饮亦被带动人气到爆棚
而冷气不足，这是后来总结
因兜转一圈看见他家尚有空位，故随机选择了他家
环境是开放式，桌数不多
煲的选择较少，牛蛙煲或鸡公煲，那日选的是鸡中煲
砂锅偏迷你；口味尚可，只是咸味有甚，吃多易干
蔬菜有2，3，5元档；饮料不可自带，这点很霸道，不好
服务soso，不很热情
如今已不常去徐汇，只是那带给我的感觉却是熟悉并喜欢的
"
"1889089","开放式的店。和朋友一起去的，我坐的位子正好挨着个紧急出口，时常有人进出。味道还不错，就是服务生有点少，上菜有时要催。
"
"1889089","鸡公煲好便宜的~里面的鸡好小只~
配的贡丸啊~亲亲肠啊~都很小也不怎么好吃~
环境不是很好，人又多又乱~座位很紧凑~随便吃吃吧~
"
"1889089","口味很一般 点菜不是一般的差 简直是骗人的 一点点的菜好像施舍你一样 还很差
至于服务简直就是垃圾 没见过这样垃圾的服务员和老板
如果你不想生一肚子气 还是不要去那里
长这么大没见过这么差的店
不好意思 有些失控 这样的点估计没有人会在光顾第二次
"
"1889089","和同学次了个鸡蛙煲中煲，锅子比外面的小价格确比外面的贵了不少，整锅全是洋葱和芹菜，肉根本没几块。。点了别的荤菜，量真的是少之又少，以后是不会去次了
"
"1889089","实在说不出有什么优点，主要是感觉这个鸡有点差，总之蛮脏的，又少，还是建议各位不要去吃这家，因为我吃好以后肚子又点小疼！
"
"1889089","第一个点的菜，居然很晚才上来，说是菜单忘记给厨师了。。。
么想法。。。
中煲，30元，肉很多，微辣的，不是很辣。。。挺实在的~~~
不过加的料有点让人么想法。。。5元贡丸，5个才。。。
金针菇也要5元，鱼肉丸5元。。。
煲的料很足，不过其他的加料实在是贵，料又很少，不划算。。。
"
"1889089","鸡公堡吃的不多。以前就在foxtown楼上工作，所以经常来吃这家，我觉得味道蛮符合上海人的口味的，有一点点甜味。
首先它家的鸡肉很入味，不像有的虽然一口吃着味道很重，但是咬到肉里完全没味道。
最喜欢的配菜是土豆、粉条、面筋、腐竹。
因为上班族都来这儿吃，所以中午和晚上都是爆满状态。如果是来这儿逛街的话，建议中午一点后，晚上7点后去吃，不然肯定要等位。
"
"1889089","因为要在八万人看上海东亚对上海中邦的德比之战
所以和小盆友到飞洲国际大厦B1的这家鸡公堡吃的晚餐
味道不错 分量太少 小盆友说没有重庆鸡公煲好吃
"
"1889089","这家的生意异常好，可能是地段的关系，但味道就不能和外面的鸡公堡比了。应该算是我吃过的最不好吃的鸡公堡了，菜又贵，下次是不会再去了。
PS：环境也非常差，夏天在里面吃一定会中暑的，唉！
"
"1889089","这是我和老公常常解决晚饭的地方，吃得有点上瘾，想吃重口味就上那去了。一般俩人要个中煲，微辣，加些生菜，粉丝，午餐肉，香菇等等，豆皮很好吃，一般要两份，微辣还是有点辣的，用汤泡米饭很入味的，唯一缺点是涮菜点多的话，汤到后面就比较淡了。通常都在50元左右的消费，性价比很高。
"
"1889089","跟朋友逛街晚了不想回去吃了~就在飞洲国际里面找~偶然找到这家店~
因为以前经常是重庆鸡公煲所以这次也顺便试试，比重庆的入味，但入口却没什味道。
粉丝是不错的配菜，不过不得不说的是那个固体酒精，太小火，烧半天连个泡泡都见不到~
"
"1889089","严重声讨！
昨天和老公一起去吃的！两个人都吃病了！东西过期变质了！吃的我上吐下泻。头剧痛无比。凌晨去中山医院，抽了血做了个b超。最后开了药回家。 折腾的我啊。恨死这家了！以后吃东西要吃干净的，便宜没好货！ 太没有道德的商家！ 恨死我了！！！！！！！！！！！！！！！！！！！！！！！！！！！！！！！！！！
"
"1889089","便宜量也还可以 但是太黏味道一般想吃鸡公堡了周围只有这家就去过几次 中午的时候人挺多 没有涮肉 吃好身上会有味道 还不可以刷卡  上次去非洲国际本来想吃的 但是没想到没有了一刚 个么没办法 以前经常去的 鸡公堡本来就便宜 感觉鸡公堡吃吃会上瘾 这家的鸡公堡第一次吃的时候味道一般 吃吃竟然觉得不错 很好吃 然后一直去 一直觉得鸡公堡基本上都是一个味 这家还是和别家的有些区别 量也挺大 两个人随便吃吃的话一个人20+就够了 本来中煲好像29块 现在ms30了 小涨涨 好接受的
"
"1889089","仅吃过几家鸡公堡店，觉得这家的还蛮好吃，生意也一直很好，有时还要等座位。
一般点的是鸡蛙煲，加几样蔬菜。最喜欢用鸡蛙煲的卤拌白米饭吃。因为煲里加了芹菜，味道真的好香哦。
"
"1889089","这家鸡公煲是每次逛foxtown必吃的，不是因为多好吃，只是本人比较喜欢吃鸡公煲而已。总的来说，味道还不错，吃过几家其他地方的鸡公煲，还数这家是还想吃第二次的。两个人吃的话，一个中煲+一份鸡，再点几个配菜（配菜的量真的很袖珍）就可以了。
因为在地下一层，所以环境不是很好，地方比较小，但是空间利用的似乎有点过火，桌子靠桌子，几乎是人挤人。
"
"1889089","这家鸡公煲真的都很一般呢，锅底的味道也是淡淡的，没什么特色，环境也补怎么地，地方小，大家都挤在一起吃。涮的配菜量又少的可怜，哎，吃一次，没下次
"
"1889089","就是一般鸡公煲的常规味道，没什么特别，其他涮菜价格便宜，有2元-3元的菜品在物价上涨的今天也实属不易。量不算大，但是如此便宜也没啥要求了。好在他们家的鸡可以单点加份（大约12元/份吧，也就一个小碗的分量），这样对于喜欢吃鸡的朋友还是不错的。
"
"1889089","去foxtown兜了下发现的这家,因为别人都满人了,于是去吃了鸡公堡.
小桌子,活动空间好小,而且好热都没风扇,吃晚饭一身汗.
鸡公堡的味道还是挺不错的,两人吃点个中锅就够啦
酱油味十足,然后点了金针菇啊香肠什么的,作为火锅吃了一次
素菜有一块两块的,还是挺便宜的,毕竟人家在黄金地段呐,后来两人吃了60块左右吧,挺省的
"
"1889089","额，很久前听同学说飞洲下面的鸡公堡蛮好吃的，正好在附近突然想到，于是就顺便过去吃了。。。
环境比较嘈杂，地方超级小，真是寸土寸金啊
味道么，真是有点小失望啊。。。到现在为止吃过最好吃的鸡公堡是松江大学城4期的一家店，跟别家的料感觉很不一样，之前在学校的时候一直会去。
所以这家的味道也没怎么吸引到我，非常一般，酱料没什么特别的，鸡肉也不咋地
最受不了的是环境，坐下来想动都困难的
不过不知道为什么生意超级好。。。哎
"
"1889089","每次去万体，都是在这边解决午饭的，相对于其他的家，我觉得这家还凑合吧，价格在这边算是便宜，口味还行，就是位子，空间有限，不过这边的好像都这样。
"
"1889089","几个月前和LG来过这里。服务员很霸道。我自己不想吃这东西就让老公点个小锅，服务员非要在菜单上划个中锅，我让她改一下居然不肯改。坐下后发现桌子很脏没有收拾过，喊服务员收拾一下，那女人居然头也不抬让我换个地方坐。她擦桌子难道不是她的工作吗？还要我求着她擦吗？东西还没吃，先惹了一肚子气。。。味道不知道怎么样，因为我一口没吃。不过这样垃圾的服务员让人反胃，再也不会来了，以后路过她家都得绕着走。
"
"1889089","实在是一般，量也不是很多，环境是开放式的，至少吃好身上不会有一股味道。。。味道过得去，也没什么特别好吃的地方，那天的米饭大概因为去的时间早，使冷的，不灵。。。粉丝也是白粉丝。。。贡丸也是小颗的。。不过生意很好 。。。
"
"1889089","鸡公堡都差不多，这家也不例外。开在飞洲国际原以为比别家要贵，但是看下来价格差不多哦，放点百叶很好吃，嘻嘻~不过老婆又要吃胖了！
"
"1889089","好像改了个名字~ 
但卖的东西还是鸡公堡~
鸡公煲味道和以前一样的~
属于浓郁型的~
但好像涮菜种类不多~
都没什么好选的~
想吃羊肉啥的也没有的~
上次去记得好像不是这样的~
"
"1889089","这次是第二次去了，以前去觉得味道还不错
这次经过就又去了一次
不过去的晚了，很多饮料都没有，很可惜啊，选择面太小
不过东西还是很好吃的，
适合两三人小吃
"
"1889089","貌似是山寨的鸡公堡，可是味道也还不错。。
周六晚上到处是人，好不容易找到了一个角落的位子。
点了中煲，量还可以，味道也不错啊~~
最后结账才51，性价比真不错
"
"1889089","第一次吃这家，觉得味道很好啊，鸡骨头多了点，但汤很鲜，完全不会比重庆那个差，甚至感觉还更好些。。。
环境很普通，服务也算是到位，当然这个价位，算是不错了
"
"1889089","味道還是不錯的，吃過好次了，有時候還是要排隊的，
不過相對排其它的店，這家算快的了。
2個人一般都點雞公煲，中煲，微辣的。
吃了這個還是會口乾的~
"
"1889089","和同事一起去吃的。
环境不怎样，是路面拦出来的一片。
但是其他我觉得还行，味道也还可以。
随便吃吃还可以的。
价格也尚可。
"
"1889089","今天和老公吃多了甜食，于是想吃点辣的，于是选择了这家，我们点了一份中份的鸡公煲，还配了一些蔬菜，鸡公煲味道还不错，不是很辣，就是大白菜吃的不怎么样，和老公闲聊着就吃完了，本以为还会剩很多的。(*^__^*) 嘻嘻&&对了，里面他家的宽粉还不错，很滑，老公很喜欢！！！！
"
"1889089","味道一般。。量很少。。不管是煲还是点的菜。。
然后还比较贵。。但是个质量对不起个价格。。
不会再去第二次的说~
"
